tip_doc,codunicocli,monto,prob_value_contact,tea,ingreso_neto,mnt_ptm,sldvig_tcrsrcf,ant_ultprdallsf,nro_configuracion_6m,nro_transfer_6m,nro_producto_6m,cre_sldtotfinprm03,ctd_campecsm01,max_campecs06m,ctd_camptotm01,ctd_camptot06m,ctd_camptototrcnl06m,ctd_sms_received,prm_cnt_fee_amt_u7d,telefonos_6meses,prom_score_acepta_12meses,dif_no_gestionado_4meses,dif_contacto_efectivo_10meses,ctd_app_productos_m1,monto_consumos_ecommerce_tc,avg_sald_pas_3m,act_avg6m_max12m,act_1m_avg3m,pas_avg6m_max12m,pas_1m_avg6m,pas_1m_avg3m,prop_atm_4m,cnl_atm_p4m_p12m,cnl_age_p4m_p12m,max_nact_12m,nprod_1m,senthtml_1m,openhtml_1m,avg_openhtml_6m,bpitrx_1m,apppag_1m,cre_lin_tc_rccibk_m07,lin_tcrrstsf03m,max_usotcribksf06m,max_usotcrrstsf03m,prom_pct_saldopprcc6m,prm_lintcribksf03m,prom_sow_lintcribksf3m,prom_uso_tc_rccsf3m,dsv_svppallsf06m,prm_svprmlibdis06m,prm_svprmecs06m,flg_saltotppe12m,num_incrsaldispefe06m,seg_un,beta_pctusotcr12m,rat_disefepnm01,pct_usotcrm01,beta_saltotppe12m,ctd_entrdm01,prm_saltotrdpj03m,copamiento,monto_aceptado,deuda_financiera_total,deuda_ssff_score,uso_tc_alto,uso_tc_muy_alto,navegacion_app_web,engagement_digital,fraccion_deuda_ingreso,urgencia_financiera,contactabilidad,ssff_30d_mora_proxy,ssff_60d_mora_proxy,ssff_90d_mora_proxy,ssff_mora_total_proxy,ssff_mora_ratio,ssff_pressure_index,mora_reciente_flag,mora_antigua_flag,tenencia_productos,tenencia_configuraciones,tenencia_activa_ratio,deuda_por_tenencia,navegacion_app_web_total,navegacion_app_share,navegacion_web_share,engagement_web_ratio,engagement_app_ratio,touchpoint_sms_ratio,html_touchpoint_score,digital_activity_balance,ssff_mora_30d_score_ultimos_6m,ssff_mora_60d_score_ultimos_6m,ssff_mora_90d_score_ultimos_6m,ssff_mora_total_score_ultimos_6m,ssff_mora_ratio_ultimos_6m,ssff_pressure_index_ultimos_6m,mora_reciente_flag_ultimos_30d,mora_antigua_flag_ultimos_60d,num_productos_tenencia_ultimos_6m,num_configuraciones_tenencia_ultimos_6m,ratio_productos_activos_tenencia_ultimos_6m,deuda_por_producto_tenencia_ultimos_6m,interacciones_app_web_ultimos_1m,share_interacciones_app_ultimos_1m,share_interacciones_web_ultimos_1m,ratio_apertura_html_ultimos_1m,ratio_engagement_app_ultimos_1m,sms_touchpoints_ultimos_1m,html_touchpoints_ultimos_1m,balance_actividad_digital_ultimos_1m,target_venta
1,14599764,7700,0.03838937,19.42,1745.0,0,1283.03,48.0,0.0,212.0,2.0,-0.87,1.0,1.0,6.0,40,11,0,0.0,10.0,0.0,0.0,0.0,0.0,1528.02,1576.37,0.48,0.976,0.495,0.362,0.572,1.0,1.0,1.0,0.0,1.0,52.0,14.0,8.333333,0.0,0.0,0.0,3.0,0.0,0.0,0.0,500.0,0.998,0.0,0.0,0.0,0.0,0.0,0.0,2.0,0.0,0.0,0.0,-220.739,0.0,7855.0234,0.921,0.0,-0.87,50.0,0,0,66.0,0.0,0.0,4.4126077,0.03838937,0.0,0.0,500.0,50.0,0.0,220.63037,0,0,2.0,0.0,0.0093896715,-0.435,66.0,0.0,0.7878788,1.68,0.0,0.0,80.0,1.0,0.0,0.0,500.0,50.0,0.0,220.63037,0,0,2.0,0.0,0.0093896715,-0.435,66.0,0.0,0.7878788,1.68,0.0,0.0,80.0,1.0,0.0
1,14681100,3600,0.52880436,50.93,2298.0,5400,1283.03,2.0,12.0,348.0,32.0,-0.261,1.0,1.0,9.0,43,7,0,0.0,3.0,0.0,13.0,13.0,0.0,278.73,1165.717,0.618,1.367,0.476,0.826,1.035,1.0,1.0,1.0,1.0,3.0,26.0,0.0,0.0,0.0,0.0,0.5,66600.0,0.525,0.494,0.0,15566.667,0.411,0.331,0.0,0.0,0.0,0.0,1.0,2.0,0.022,0.015,0.336,-220.739,3.0,7855.0234,0.921,0.0,-0.261,1556.6667,0,0,26.0,0.0,0.0,1.5665796,0.52880436,0.0,0.0,15566.667,1556.6667,0.0,2438.6423,0,0,32.0,12.0,0.09169055,-0.00815625,26.0,0.0,1.0,0.0,0.0,0.0,26.0,3.0,0.0,0.0,15566.667,1556.6667,0.0,2438.6423,0,0,32.0,12.0,0.09169055,-0.00815625,26.0,0.0,1.0,0.0,0.0,0.0,26.0,3.0,0.0
1,10769039,13700,0.33402357,47.47,2463.0,0,1584.78,3.0,1.0,52.0,2.0,6.567,1.0,1.0,7.0,27,6,4,0.2857,4.0,16.666666,0.0,155.0,0.0,0.0,2589.333,0.461,0.443,0.334,2.992,1.574,1.0,1.0,1.0,1.0,2.0,84.0,2.0,1.6666666,0.0,1.0,0.0,6600.0,0.4,0.72,0.347,2000.0,0.476,0.425,409.093,0.0,0.0,1.0,0.0,2.0,0.107,0.0,0.422,-158.998,2.0,7855.0234,0.921,0.0,1591.347,200.0,0,1,87.0,1.0,0.6461011,5.562322,17.00069,0.0,0.0,2000.0,200.0,0.12567969,1112.4645,0,0,2.0,1.0,0.03773585,795.6735,87.0,0.011494253,0.9655172,1.2,10.0,0.071425,88.0,2.0,0.0,0.0,2000.0,200.0,0.12567969,1112.4645,0,0,2.0,1.0,0.03773585,795.6735,87.0,0.011494253,0.9655172,1.2,10.0,0.071425,88.0,2.0,0.0
1,15112194,36000,0.28822938,19.42,2590.0,41000,1283.03,12.0,2.0,321.0,20.0,-0.972,1.0,1.0,7.0,46,11,0,0.0,2.0,0.0,0.0,0.0,6.0,0.0,1000.323,0.48,0.976,0.396,1.709,2.164,1.0,1.3333334,1.0,0.0,1.0,56.0,1.0,0.0,0.0,0.0,1.204,28500.0,0.0,0.0,0.0,32400.0,0.773,0.0,0.0,0.0,0.0,0.0,0.0,5.0,0.0,0.0,0.0,-220.739,0.0,7855.0234,0.921,0.0,-0.972,3240.0,0,0,6.0,6.0,0.0,13.899614,0.28822938,0.0,0.0,32400.0,3240.0,0.0,45034.75,0,0,20.0,2.0,0.062111802,-0.0486,12.0,0.0,0.0,0.0,0.0,0.0,0.0,7.0,0.0,0.0,32400.0,3240.0,0.0,45034.75,0,0,20.0,2.0,0.062111802,-0.0486,12.0,0.0,0.0,0.0,0.0,0.0,0.0,7.0,0.0
1,13798186,7200,0.09632592,39.13,2184.0,0,1283.03,41.0,1.0,35.0,4.0,0.0,1.0,1.0,4.0,29,9,3,0.0,2.0,0.0,0.0,0.0,0.0,0.0,0.0,0.547,0.846,0.44,0.966,1.0,0.0,1.0,1.0,1.0,1.0,56.0,1.0,2.1666667,0.0,2.0,-0.072,0.0,0.93,0.0,0.0,8100.947,1.0,0.632,0.0,0.0,5111.045,0.0,0.0,4.0,-0.038,0.0,0.593,-220.739,2.0,9065.163,0.921,0.0,0.0,5921.1396,1,0,0.0,0.0,0.0,3.2967033,0.09632592,5111.045,0.0,8100.947,5921.1396,10.0,19520.24,1,0,0.0,0.0,0.0,0.0,0.0,0.0,0.0,0.0,0.0,0.0,0.0,1.0,5111.045,0.0,8100.947,5921.1396,10.0,19520.24,1,0,0.0,0.0,0.0,0.0,0.0,0.0,0.0,0.0,0.0,0.0,0.0,1.0,0.0
1,9092087,60000,0.35429087,34.33,17085.0,113300,1283.03,11.0,0.0,15.0,2.0,0.008,1.0,1.0,7.0,40,13,0,0.0,2.0,0.0,0.0,0.0,0.0,22049.773,9498.597,0.574,0.206,0.49,0.552,0.629,1.0,1.0,1.0,2.0,4.0,53.0,53.0,46.333332,0.0,0.0,0.0,181800.0,0.293,0.054,0.445,80000.0,0.569,0.055,11549.716,80853.14,0.0,1.0,0.0,2.0,-0.013,0.0,0.053,-6018.797,2.0,7855.0234,0.921,0.0,0.008,88853.14,0,1,106.0,0.0,4.68247e-07,3.5118525,0.35429087,0.0,80853.14,80000.0,88853.14,10.0,312039.12,0,1,2.0,0.0,0.125,0.004,106.0,0.0,0.5,1.1438849,0.0,0.0,159.0,4.0,0.0,80853.14,80000.0,88853.14,10.0,312039.12,0,1,2.0,0.0,0.125,0.004,106.0,0.0,0.5,1.1438849,0.0,0.0,159.0,4.0,0.0
1,9725769,12400,0.50146526,50.93,3045.0,23700,4898.26,0.0,0.0,4.0,3.0,0.662,1.0,1.0,6.0,32,9,7,0.0,6.0,0.0,52.0,52.0,0.0,0.0,0.99,0.718,1.075,0.069,0.064,1.091,1.0,1.0,1.0,1.0,2.0,88.0,4.0,3.6666667,0.0,6.0,-0.062,20609.9,0.288,0.73,0.121,16265.32,0.704,0.374,1678.68,0.0,4288.91,1.0,1.0,2.0,-0.009,0.266,0.377,-434.848,5.0,7855.0234,0.921,0.0,4898.922,5915.442,0,0,98.0,6.0,1.6088414,4.0722494,0.50146526,4288.91,0.0,16265.32,5915.442,1.2074987,24089.156,1,0,3.0,0.0,0.6,1632.974,98.0,0.06122449,0.8979592,1.0909091,10.0,0.0,96.0,2.0,4288.91,0.0,16265.32,5915.442,1.2074987,24089.156,1,0,3.0,0.0,0.6,1632.974,98.0,0.06122449,0.8979592,1.0909091,10.0,0.0,96.0,2.0,0.0
1,13908217,15300,0.24631783,19.42,2800.0,14800,1283.03,17.0,3.0,55.0,1.0,-0.394,1.0,1.0,6.0,35,8,0,0.0,2.0,0.0,0.0,0.0,0.0,107.61,8712.74,0.184,0.368,0.659,0.595,0.748,0.0,0.0,1.0,1.0,2.0,70.0,0.0,0.33333334,0.0,10.0,0.0,244275.5,0.014,0.0,0.0,25700.0,0.242,0.001,0.0,0.0,0.0,0.0,0.0,1.0,0.0,0.0,0.0,-220.739,1.0,7855.0234,0.921,0.0,-0.394,2570.0,0,0,80.0,10.0,0.0,5.464286,0.24631783,0.0,0.0,25700.0,2570.0,0.0,14043.214,0,0,1.0,3.0,0.017857144,-0.394,80.0,0.125,0.875,0.0,10.0,0.0,70.0,2.0,0.0,0.0,25700.0,2570.0,0.0,14043.214,0,0,1.0,3.0,0.017857144,-0.394,80.0,0.125,0.875,0.0,10.0,0.0,70.0,2.0,0.0
1,8977634,41700,0.26372087,25.19,5191.0,0,844.39,2.0,1.0,35.0,4.0,0.059,1.0,1.0,6.0,37,8,0,0.0,2.0,0.0,0.0,0.0,0.0,0.0,421.121,0.094,0.976,0.923,1.02,1.007,0.0,1.0,1.0,1.0,2.0,57.0,0.0,0.33333334,0.0,2.0,-0.053,50700.0,0.041,0.081,0.407,25100.0,0.598,0.025,608.609,0.0,521.257,1.0,0.0,2.0,-0.016,0.0,0.02,-305.394,3.0,7855.0234,0.921,0.0,844.449,3031.257,0,1,57.0,0.0,0.16267559,8.033134,0.26372087,521.257,0.0,25100.0,3031.257,3.589627,24350.494,1,0,0.0,0.0,0.0,844449000000.0,57.0,0.0,1.0,0.0,0.0,0.0,57.0,2.0,521.257,0.0,25100.0,3031.257,3.589627,24350.494,1,0,0.0,0.0,0.0,844449000000.0,57.0,0.0,1.0,0.0,0.0,0.0,57.0,2.0,0.0
1,14849284,6500,0.3252037,39.13,1931.0,0,1283.03,1.0,1.0,95.0,11.0,22.193,0.0,1.0,3.0,17,6,0,0.0,2.0,0.0,0.0,0.0,0.0,0.0,182.08,0.549,1.051,0.466,0.31,0.268,1.0,1.0,0.0,1.0,2.0,32.0,0.0,0.5,0.0,2.0,3.484,14990.6,0.972,0.285,0.0,3355.5,0.368,0.479,0.0,0.0,3219.563,1.0,1.0,4.0,-0.001,0.0,0.515,-540.056,2.0,13406.56,0.921,0.0,22.193,3555.113,0,0,34.0,2.0,0.011493009,3.3661315,0.3252037,3219.563,0.0,3355.5,3555.113,10.0,11966.978,1,0,11.0,1.0,0.114583336,2.0175455,34.0,0.05882353,0.9411765,0.0,10.0,0.0,32.0,2.0,3219.563,0.0,3355.5,3555.113,10.0,11966.978,1,0,11.0,1.0,0.114583336,2.0175455,34.0,0.05882353,0.9411765,0.0,10.0,0.0,32.0,2.0,0.0
1,8161588,38000,0.1405524,25.19,3228.0,0,115.73,6.0,1.0,35.0,4.0,0.0,1.0,1.0,7.0,34,11,0,0.5714,2.0,0.0,0.0,0.0,0.0,0.0,0.0,0.595,0.941,0.44,0.966,1.0,0.5,3.0,1.3333334,1.0,1.0,24.0,12.0,2.6,0.0,2.0,0.0,18300.0,0.541,0.16,0.0,4800.0,0.442,0.265,0.0,0.0,0.0,1.0,0.0,2.0,0.016,0.0,0.24,2188.652,3.0,7855.0234,0.921,0.0,115.73,480.0,0,0,36.0,0.0,0.035851922,11.771995,0.1405524,0.0,0.0,4800.0,480.0,4.147585,5650.5576,0,0,0.0,0.0,0.0,115730000000.0,36.0,0.0,0.6666667,4.6153846,0.0,10.0,48.0,1.0,0.0,0.0,4800.0,480.0,4.147585,5650.5576,0,0,0.0,0.0,0.0,115730000000.0,36.0,0.0,0.6666667,4.6153846,0.0,10.0,48.0,1.0,0.0
1,9327116,49400,0.15952267,26.68,7600.0,26600,1283.03,17.0,0.0,0.0,1.0,0.0,1.0,1.0,7.0,40,9,0,0.0,2.0,0.0,0.0,0.0,0.0,5550.9087,0.0,0.789,1.106,0.44,0.966,1.0,0.0,1.0,1.0,1.0,1.0,73.0,68.0,58.333332,0.0,0.0,0.0,238484.4,0.147,0.107,0.053,45000.0,0.361,0.099,1434.492,0.0,0.0,1.0,0.0,2.0,0.01,0.0,0.078,-742.877,3.0,7855.0234,0.921,0.0,0.0,4500.0,0,0,141.0,0.0,0.0,6.5,0.15952267,0.0,0.0,45000.0,4500.0,10.0,29250.0,0,0,1.0,0.0,1.0,0.0,141.0,0.0,0.5177305,1.1657143,0.0,0.0,209.0,1.0,0.0,0.0,45000.0,4500.0,10.0,29250.0,0,0,1.0,0.0,1.0,0.0,141.0,0.0,0.5177305,1.1657143,0.0,0.0,209.0,1.0,0.0
1,12061014,15000,0.07353275,25.19,4414.0,0,5299.39,0.0,0.0,14.0,0.0,-0.539,1.0,1.0,5.0,39,6,12,0.0,8.0,0.0,0.0,0.0,0.0,0.0,14.96,0.355,0.637,0.336,0.007,1.0,1.0,1.5,1.0,1.0,2.0,74.0,7.0,15.0,0.0,1.0,0.0,127443.0,0.19,0.934,0.0,21900.0,0.34,0.437,30386.65,0.0,0.0,1.0,0.0,2.0,-0.018,0.0,0.106,-220.739,6.0,7855.0234,0.921,0.0,5298.851,2190.0,0,0,82.0,1.0,1.2004646,3.3982782,0.07353275,0.0,0.0,21900.0,2190.0,0.41329715,7442.2295,0,0,0.0,0.0,0.0,5298851000000.0,82.0,0.0121951215,0.902439,0.46666667,10.0,0.0,88.0,2.0,0.0,0.0,21900.0,2190.0,0.41329715,7442.2295,0,0,0.0,0.0,0.0,5298851000000.0,82.0,0.0121951215,0.902439,0.46666667,10.0,0.0,88.0,2.0,0.0
1,17721726,7600,0.2682374,50.93,2007.0,0,1283.03,0.0,12.0,93.0,22.0,-0.136,1.0,1.0,6.0,35,11,0,0.0,2.0,0.0,0.0,287.0,0.0,90.9,4.063,0.343,0.897,0.209,0.54,2.375,1.0,1.0,1.0,1.0,2.0,63.0,6.0,3.6666667,0.0,8.0,1.0,12895.8,0.378,0.023,0.0,2000.0,0.349,0.078,0.0,0.0,0.0,0.0,1.0,2.0,0.006,0.0,0.104,-220.739,2.0,7855.0234,0.921,0.0,-0.136,200.0,0,0,77.0,8.0,0.0,3.7867465,0.2682374,0.0,0.0,2000.0,200.0,0.0,757.3493,0,0,22.0,12.0,0.23404256,-0.006181818,77.0,0.103896104,0.8181818,1.6363636,10.0,0.0,75.0,2.0,0.0,0.0,2000.0,200.0,0.0,757.3493,0,0,22.0,12.0,0.23404256,-0.006181818,77.0,0.103896104,0.8181818,1.6363636,10.0,0.0,75.0,2.0,0.0
1,8950635,28600,0.12731919,50.93,4828.0,33300,269.0,10.0,1.0,35.0,4.0,0.047,1.0,1.0,5.0,25,9,0,0.4286,3.0,0.0,0.0,0.0,0.0,759.3981,90.371,0.937,0.973,0.201,0.206,1.007,1.0,1.5,1.0,1.0,2.0,57.0,0.0,1.0,0.0,2.0,-0.037,3000.0,0.83,0.269,0.0,13052.43,0.929,0.722,0.0,0.0,9102.453,0.0,0.0,2.0,-0.001,0.0,0.71,-220.739,2.0,7855.0234,0.921,0.0,269.047,10407.696,1,0,57.0,0.0,0.055726387,5.923778,0.12731919,9102.453,0.0,13052.43,10407.696,10.0,61652.88,1,0,0.0,0.0,0.0,269047000000.0,57.0,0.0,1.0,0.0,0.0,10.0,57.0,2.0,9102.453,0.0,13052.43,10407.696,10.0,61652.88,1,0,0.0,0.0,0.0,269047000000.0,57.0,0.0,1.0,0.0,0.0,10.0,57.0,2.0,0.0
1,14892064,27400,0.58007693,19.42,3906.0,0,1283.03,8.0,3.0,0.0,1.0,0.0,1.0,1.0,3.0,20,6,6,0.0,6.0,0.0,23.0,23.0,0.0,0.0,0.0,0.184,0.0,0.44,0.966,1.0,1.0,1.0,0.0,1.0,1.0,62.0,0.0,1.3333334,0.0,2.0,0.339,6300.0,0.362,0.086,0.0,19100.0,0.901,0.009,0.0,0.0,0.0,0.0,0.0,4.0,-0.043,0.0,0.001,-220.739,3.0,53982.4,0.921,0.0,0.0,1910.0,0,0,62.0,0.0,0.0,7.014849,0.58007693,0.0,0.0,19100.0,1910.0,10.0,13398.361,0,0,1.0,3.0,1.0,0.0,62.0,0.0,1.0,0.0,0.0,0.0,62.0,1.0,0.0,0.0,19100.0,1910.0,10.0,13398.361,0,0,1.0,3.0,1.0,0.0,62.0,0.0,1.0,0.0,0.0,0.0,62.0,1.0,0.0
1,11277803,84600,0.23465334,15.25,6374.0,0,1476.51,50.0,1.0,35.0,4.0,0.0,1.0,1.0,4.0,23,7,0,0.0,3.0,0.0,0.0,153.0,0.0,0.0,358.87952,0.48,0.976,0.44,0.966,1.0,1.0,1.0,1.0,1.0,2.0,56.0,1.0,2.1666667,0.0,2.0,0.0,222900.0,0.0,0.04,0.0,60000.0,0.447,0.014,0.0,0.0,0.0,0.0,0.0,2.0,-0.003,0.0,0.014,-220.739,3.0,7855.0234,0.921,0.0,1476.51,6000.0,0,0,0.0,0.0,0.23164575,13.27267,0.23465334,0.0,0.0,60000.0,6000.0,4.063637,79636.02,0,0,0.0,0.0,0.0,1476510000000.0,0.0,0.0,0.0,0.0,0.0,0.0,0.0,0.0,0.0,0.0,60000.0,6000.0,4.063637,79636.02,0,0,0.0,0.0,0.0,1476510000000.0,0.0,0.0,0.0,0.0,0.0,0.0,0.0,0.0,0.0
1,9463636,14400,0.34974363,34.33,2464.0,15200,7735.05,10.0,1.0,35.0,4.0,0.0,1.0,1.0,5.0,31,10,0,0.0,1.0,12.5,119.0,285.0,0.0,0.0,0.0,0.423,0.114,0.44,0.966,1.0,0.0,1.0,1.0,1.0,1.0,51.0,1.0,3.3333333,0.0,2.0,0.412,39600.0,0.169,0.586,0.0,19200.0,0.593,0.207,0.0,0.0,0.0,0.0,0.0,2.0,0.001,0.0,0.223,-220.739,4.0,7855.0234,0.921,0.0,7735.05,1920.0,0,0,52.0,0.0,3.1392248,5.844156,12.849744,0.0,0.0,19200.0,1920.0,0.24822076,11220.779,0,0,0.0,0.0,0.0,7735050000000.0,52.0,0.0,0.9807692,0.3,0.0,0.0,53.0,1.0,0.0,0.0,19200.0,1920.0,0.24822076,11220.779,0,0,0.0,0.0,0.0,7735050000000.0,52.0,0.0,0.9807692,0.3,0.0,0.0,53.0,1.0,0.0
1,9267729,38000,0.62504995,25.19,6858.0,46200,1283.03,0.0,9.0,347.0,7.0,0.25,0.0,1.0,7.0,46,10,2,0.0,1.0,0.0,13.0,13.0,0.0,3207.9253,2247.491,0.174,0.349,0.733,1.089,0.922,1.0,1.0,0.0,1.0,3.0,85.0,45.0,34.0,0.0,4.0,-0.077,0.0,0.077,0.0,0.0,30200.0,1.0,0.012,113496.0,0.0,0.0,1.0,0.0,5.0,-0.021,0.0,0.011,-220.739,2.0,7855.0234,0.921,0.0,0.25,3020.0,0,0,134.0,4.0,3.6453777e-05,5.540974,0.62504995,0.0,0.0,30200.0,3020.0,10.0,16733.742,0,0,7.0,9.0,0.020114943,0.035714287,134.0,0.029850746,0.63432837,1.3235294,10.0,0.0,175.0,3.0,0.0,0.0,30200.0,3020.0,10.0,16733.742,0,0,7.0,9.0,0.020114943,0.035714287,134.0,0.029850746,0.63432837,1.3235294,10.0,0.0,175.0,3.0,0.0
1,13825714,32900,0.12991938,19.42,2977.0,30300,1283.03,0.0,1.0,35.0,4.0,0.0,1.0,1.0,6.0,36,8,0,0.0,2.0,0.0,0.0,0.0,0.0,0.0,358.87952,0.48,0.976,0.44,0.966,1.0,1.0,1.0,1.0,1.0,2.0,56.0,1.0,2.1666667,0.0,2.0,0.0,0.0,0.0,0.0,0.0,12800.0,1.0,0.0,0.0,0.0,0.0,0.0,0.0,1.0,0.0,0.0,0.0,-220.739,1.0,7855.0234,0.921,0.0,0.0,1280.0,0,0,0.0,0.0,0.0,11.051394,0.12991938,0.0,0.0,12800.0,1280.0,10.0,14145.784,0,0,0.0,0.0,0.0,0.0,0.0,0.0,0.0,0.0,0.0,0.0,0.0,0.0,0.0,0.0,12800.0,1280.0,10.0,14145.784,0,0,0.0,0.0,0.0,0.0,0.0,0.0,0.0,0.0,0.0,0.0,0.0,0.0,0.0
1,15339640,8700,0.18791057,50.93,1724.0,0,1283.03,12.0,0.0,153.0,0.0,0.575,1.0,1.0,5.0,31,7,0,0.0,2.0,0.0,0.0,0.0,0.0,0.0,6393.378,0.629,1.232,0.695,1.226,1.063,1.0,1.0,0.0,1.0,3.0,77.0,5.0,14.833333,0.0,1.0,0.0,9900.0,0.006,0.0,0.0,5600.0,0.629,0.003,0.0,0.0,0.0,0.0,0.0,5.0,0.0,0.0,0.004,-220.739,1.0,7855.0234,0.921,0.0,0.575,560.0,0,0,83.0,1.0,0.0003335267,5.046404,0.18791057,0.0,0.0,5600.0,560.0,10.0,2825.986,0,0,0.0,0.0,0.0,575000000.0,83.0,0.012048192,0.92771083,0.33707866,10.0,0.0,87.0,3.0,0.0,0.0,5600.0,560.0,10.0,2825.986,0,0,0.0,0.0,0.0,575000000.0,83.0,0.012048192,0.92771083,0.33707866,10.0,0.0,87.0,3.0,0.0
1,13182585,14400,0.2743016,34.33,4600.0,0,5898.93,11.0,1.0,35.0,4.0,0.0,1.0,1.0,2.0,7,6,0,0.0,2.0,0.0,12.0,0.0,0.0,0.0,358.87952,0.48,0.976,0.44,0.966,1.0,1.0,1.0,1.0,1.0,2.0,56.0,1.0,2.1666667,0.0,2.0,-0.079,129231.0,0.0,0.137,0.0,38900.0,0.475,0.05,0.0,0.0,0.0,0.0,0.0,5.0,-0.038,0.0,0.072,-220.739,2.0,7855.0234,0.921,0.0,5898.93,3890.0,0,0,0.0,0.0,1.282376,3.1304348,0.2743016,0.0,0.0,38900.0,3890.0,0.65944165,12177.392,0,0,0.0,0.0,0.0,5898930000000.0,0.0,0.0,0.0,0.0,0.0,0.0,0.0,0.0,0.0,0.0,38900.0,3890.0,0.65944165,12177.392,0,0,0.0,0.0,0.0,5898930000000.0,0.0,0.0,0.0,0.0,0.0,0.0,0.0,0.0,0.0
1,12417292,12500,0.13305846,59.92,3113.0,20200,1411.4,10.0,4.0,546.0,38.0,-0.702,1.0,1.0,9.0,44,11,0,0.2857,1.0,0.0,0.0,0.0,4.0,0.0,697.977,0.529,1.884,0.507,0.379,0.527,1.0,1.0,1.0,1.0,3.0,12.0,0.0,0.0,0.0,6.0,-0.076,41903.0,0.202,0.105,0.215,5653.977,0.29,0.087,582.514,0.0,727.19,1.0,0.0,2.0,0.003,0.0,0.108,112.374,4.0,7855.0234,0.911,11000.0,1410.698,1292.5876,0,0,22.0,10.0,0.4531635,4.015419,0.13305846,727.19,0.0,5653.977,1292.5876,0.91627526,5190.2812,1,0,38.0,4.0,0.06946983,37.12363,26.0,0.23076923,0.46153846,0.0,1.5,10.0,12.0,7.0,727.19,0.0,5653.977,1292.5876,0.91627526,5190.2812,1,0,38.0,4.0,0.06946983,37.12363,26.0,0.23076923,0.46153846,0.0,1.5,10.0,12.0,7.0,1.0
1,10812135,60000,0.3057448,39.13,8013.0,40000,1283.03,59.0,6.0,54.0,19.0,-0.032,1.0,1.0,6.0,33,31,0,0.0,2.0,0.0,0.0,0.0,0.0,1693.2433,558908.06,0.619,0.969,0.984,0.983,0.988,0.0,0.0,1.0,1.0,3.0,8.0,5.0,5.0,0.0,25.0,0.361,378080.0,0.101,0.021,0.0,54700.0,0.302,0.027,0.0,0.0,0.0,0.0,0.0,2.0,0.001,0.0,0.032,-220.739,3.0,7855.0234,0.921,0.0,-0.032,5470.0,0,0,38.0,25.0,0.0,7.487832,0.3057448,0.0,0.0,54700.0,5470.0,0.0,40958.44,0,0,19.0,6.0,0.34545454,-0.0016842105,38.0,0.65789473,0.21052632,1.0,10.0,0.0,18.0,3.0,0.0,0.0,54700.0,5470.0,0.0,40958.44,0,0,19.0,6.0,0.34545454,-0.0016842105,38.0,0.65789473,0.21052632,1.0,10.0,0.0,18.0,3.0,0.0
1,14002547,26800,0.20772618,50.93,3076.0,50800,1283.03,33.0,0.0,86.0,5.0,-0.401,1.0,1.0,7.0,37,7,0,0.0,2.0,0.0,0.0,0.0,4.0,87.3,4322.501,0.705,0.784,0.871,1.09,1.033,1.0,1.0,3.0,1.0,2.0,63.0,63.0,49.666668,0.0,1.0,0.0,0.0,0.109,0.0,0.0,31500.0,1.0,0.081,0.0,0.0,0.0,0.0,0.0,1.0,0.009,0.0,0.073,-220.739,1.0,7855.0234,0.992,27000.0,-0.401,3150.0,0,0,131.0,5.0,0.0,8.712614,0.20772618,0.0,0.0,31500.0,3150.0,0.0,27444.734,0,0,5.0,0.0,0.057471264,-0.0802,135.0,0.0074074073,0.46666667,1.2684563,0.25,0.0,189.0,6.0,0.0,0.0,31500.0,3150.0,0.0,27444.734,0,0,5.0,0.0,0.057471264,-0.0802,135.0,0.0074074073,0.46666667,1.2684563,0.25,0.0,189.0,6.0,1.0
1,15107705,2500,0.4265536,19.42,4624.0,0,1283.03,25.0,3.0,43.0,15.0,16.847,0.0,1.0,6.0,34,9,0,0.0,1.0,0.0,61.0,61.0,0.0,367.77,71.53,0.635,1.085,0.435,0.345,0.213,0.0,1.0,1.7142857,1.0,2.0,65.0,65.0,34.166668,0.0,0.0,1.85,0.0,0.811,0.0,0.0,10265.333,1.0,0.457,0.0,0.0,0.0,0.0,0.0,5.0,-0.056,0.0,0.35,-111.176,2.0,7855.0234,0.212,530.0,16.847,1026.5333,0,0,130.0,0.0,0.0036433823,0.54065746,0.4265536,0.0,0.0,10265.333,1026.5333,10.0,555.00287,0,0,15.0,3.0,0.3409091,1.1231333,130.0,0.0,0.5,1.902439,0.0,0.0,195.0,2.0,0.0,0.0,10265.333,1026.5333,10.0,555.00287,0,0,15.0,3.0,0.3409091,1.1231333,130.0,0.0,0.5,1.902439,0.0,0.0,195.0,2.0,1.0
1,11311200,32400,0.25025842,19.42,3402.0,35900,973.95,0.0,0.0,167.0,2.0,-0.505,1.0,1.0,7.0,45,12,0,0.0,2.0,0.0,0.0,0.0,1.0,0.0,145.243,0.757,0.881,0.402,0.218,0.696,1.0,1.0,1.0,1.0,2.0,69.0,0.0,1.8333334,0.0,8.0,-0.036,70576.14,0.165,0.048,0.0,20186.754,0.462,0.066,0.0,0.0,0.0,0.0,0.0,2.0,-0.019,0.0,0.074,-220.739,4.0,7855.0234,0.921,0.0,973.445,2018.6753,0,0,78.0,9.0,0.28613904,9.523809,0.25025842,0.0,0.0,20186.754,2018.6753,2.0737436,19225.479,0,0,2.0,0.0,0.011904762,486.7225,79.0,0.101265825,0.87341774,0.0,8.0,0.0,69.0,3.0,0.0,0.0,20186.754,2018.6753,2.0737436,19225.479,0,0,2.0,0.0,0.011904762,486.7225,79.0,0.101265825,0.87341774,0.0,8.0,0.0,69.0,3.0,0.0
1,10860547,16200,0.18711258,26.68,3556.0,21000,1283.03,28.0,8.0,317.0,1.0,-0.058,1.0,1.0,7.0,43,9,0,0.2857,2.0,0.0,0.0,0.0,0.0,583.8497,12111.899,0.459,0.737,0.929,0.954,0.968,1.0,1.0,1.0,1.0,4.0,38.0,5.0,2.6666667,0.0,4.0,0.0,0.0,0.886,0.0,0.0,5500.0,1.0,0.468,0.0,0.0,0.0,0.0,0.0,1.0,0.031,0.0,0.227,-220.739,1.0,7855.0234,0.921,0.0,-0.058,550.0,0,0,47.0,4.0,0.0,4.5556808,0.18711258,0.0,0.0,5500.0,550.0,0.0,2505.6243,0,0,1.0,8.0,0.003144654,-0.058,47.0,0.08510638,0.80851066,1.875,10.0,10.0,48.0,4.0,0.0,0.0,5500.0,550.0,0.0,2505.6243,0,0,1.0,8.0,0.003144654,-0.058,47.0,0.08510638,0.80851066,1.875,10.0,10.0,48.0,4.0,0.0
1,18255323,7700,0.1434927,50.93,1357.0,0,10090.68,11.0,4.0,39.0,40.0,68.561,0.0,1.0,7.0,28,6,1,0.7143,3.0,0.0,0.0,0.0,0.0,0.0,976.4,0.283,1.573,0.218,1.154,0.601,1.0,1.2222222,1.0,1.0,2.0,70.0,0.0,2.8333333,0.0,0.0,0.0,54000.0,0.366,0.616,0.0,3730.0,0.172,0.53,0.0,0.0,0.0,0.0,1.0,2.0,0.009,0.829,0.524,-220.739,3.0,7855.0234,0.299,2300.0,10159.241,373.0,1,0,70.0,0.0,7.4865446,5.6742816,0.1434927,0.0,0.0,3730.0,373.0,0.03671534,2116.507,0,0,40.0,4.0,1.0,253.98102,70.0,0.0,1.0,0.0,0.0,0.7143,70.0,2.0,0.0,0.0,3730.0,373.0,0.03671534,2116.507,0,0,40.0,4.0,1.0,253.98102,70.0,0.0,1.0,0.0,0.0,0.7143,70.0,2.0,1.0
1,11733922,11500,0.15425126,25.19,1799.0,0,1283.03,92.0,1.0,35.0,4.0,0.0,0.0,1.0,1.0,8,0,0,0.0,2.0,0.0,0.0,0.0,0.0,0.0,358.87952,0.48,0.976,0.44,0.966,1.0,1.0,1.0,1.0,1.0,2.0,56.0,1.0,2.1666667,0.0,2.0,0.0,0.0,0.0,0.0,0.0,4500.0,1.0,0.0,0.0,0.0,0.0,0.0,0.0,2.0,0.0,0.0,0.0,-220.739,0.0,7855.0234,0.921,0.0,0.0,450.0,0,0,0.0,0.0,0.0,6.3924403,0.15425126,0.0,0.0,4500.0,450.0,10.0,2876.5981,0,0,0.0,0.0,0.0,0.0,0.0,0.0,0.0,0.0,0.0,0.0,0.0,0.0,0.0,0.0,4500.0,450.0,10.0,2876.5981,0,0,0.0,0.0,0.0,0.0,0.0,0.0,0.0,0.0,0.0,0.0,0.0,0.0,0.0
1,8409273,44300,0.44340748,23.73,7600.0,44200,6138.77,17.0,1.0,35.0,4.0,0.0,1.0,1.0,6.0,43,11,0,0.0,4.0,0.0,7.0,7.0,0.0,2580.5837,11.59,0.28,0.757,0.997,0.996,0.997,0.0,1.0,1.0,1.0,2.0,75.0,61.0,34.666668,0.0,0.0,0.095,58200.0,0.054,0.316,0.484,96000.0,0.832,0.048,8672.096,0.0,0.0,1.0,0.0,2.0,-0.006,0.0,0.067,-3246.79,4.0,7855.0234,0.921,0.0,6138.77,9600.0,0,1,136.0,0.0,0.8077329,5.8289475,0.44340748,0.0,0.0,96000.0,9600.0,1.5638312,55957.895,0,0,0.0,0.0,0.0,6138770000000.0,136.0,0.0,0.5514706,1.7596154,0.0,0.0,197.0,2.0,0.0,0.0,96000.0,9600.0,1.5638312,55957.895,0,0,0.0,0.0,0.0,6138770000000.0,136.0,0.0,0.5514706,1.7596154,0.0,0.0,197.0,2.0,0.0
1,9507769,5600,0.10443683,50.93,1999.0,0,1283.03,21.0,1.0,35.0,4.0,-0.002,1.0,1.0,4.0,27,6,0,0.0,2.0,0.0,0.0,0.0,0.0,0.0,10417.018,0.48,0.976,0.679,1.033,1.026,1.0,1.0,1.0,0.0,1.0,3.0,0.0,0.0,0.0,2.0,0.0,900.0,0.0,0.0,0.0,1100.0,0.786,0.0,0.0,0.0,0.0,0.0,0.0,1.0,0.0,0.0,0.0,-220.739,0.0,7855.0234,0.921,0.0,-0.002,110.0,0,0,3.0,0.0,0.0,2.8014007,0.10443683,0.0,0.0,1100.0,110.0,0.0,308.15408,0,0,0.0,0.0,0.0,-2000000.0,3.0,0.0,1.0,0.0,0.0,0.0,3.0,1.0,0.0,0.0,1100.0,110.0,0.0,308.15408,0,0,0.0,0.0,0.0,-2000000.0,3.0,0.0,1.0,0.0,0.0,0.0,3.0,1.0,0.0
1,15345775,45200,0.19234082,50.93,3436.0,62100,1283.03,30.0,93.0,124.0,8.0,-0.412,1.0,1.0,5.0,43,10,7,0.0,2.0,0.0,0.0,0.0,0.0,466.88,16002.34,0.429,0.192,0.729,0.755,0.748,1.0,1.0,1.0,1.0,2.0,70.0,2.0,3.3333333,0.0,2.0,0.28,73100.0,0.074,0.004,0.0,40666.668,0.625,0.018,0.0,0.0,0.0,0.0,0.0,1.0,-0.001,0.0,0.002,-220.739,1.0,7855.0234,0.921,0.0,-0.412,4066.6667,0,0,74.0,2.0,0.0,13.154831,0.19234082,0.0,0.0,40666.668,4066.6667,0.0,53496.312,0,0,8.0,93.0,0.064,-0.0515,74.0,0.027027028,0.9459459,0.6,10.0,0.0,74.0,2.0,0.0,0.0,40666.668,4066.6667,0.0,53496.312,0,0,8.0,93.0,0.064,-0.0515,74.0,0.027027028,0.9459459,0.6,10.0,0.0,74.0,2.0,0.0
1,16267625,3200,0.34817898,47.47,2100.0,0,1283.03,2.0,17.0,34.0,35.0,0.0,1.0,1.0,6.0,17,5,2,0.0,1.0,33.333332,117.0,117.0,1.0,0.0,15.617,0.689,1.092,0.428,0.598,0.448,0.0,1.0,1.0,1.0,2.0,74.0,5.0,5.25,0.0,0.0,0.0,0.0,0.19,0.0,0.0,2200.0,1.0,0.125,0.0,0.0,0.0,1.0,1.0,1.0,-0.006,0.908,0.185,-343.514,1.0,7855.0234,0.921,0.0,0.0,220.0,0,0,80.0,1.0,0.0,1.5238096,33.68151,0.0,0.0,2200.0,220.0,10.0,335.2381,0,0,35.0,17.0,1.0,0.0,81.0,0.0,0.91358024,0.95238096,0.0,0.0,84.0,3.0,0.0,0.0,2200.0,220.0,10.0,335.2381,0,0,35.0,17.0,1.0,0.0,81.0,0.0,0.91358024,0.95238096,0.0,0.0,84.0,3.0,0.0
1,9416833,8900,0.2670073,25.19,3419.0,0,26955.89,11.0,3.0,209.0,0.0,-0.491,1.0,1.0,8.0,46,12,1,0.0,7.0,8.333333,101.0,127.0,1.0,1347.12,2128.557,0.286,0.699,0.612,0.836,1.134,1.0,1.0,1.0,1.0,2.0,70.0,36.0,41.666668,0.0,2.0,0.0,66661.8,0.397,1.0,0.0,8430.0,0.275,0.971,0.0,0.0,0.0,0.0,1.0,2.0,0.02,0.0,0.508,-220.739,5.0,7855.0234,0.921,0.0,26955.398,843.0,1,0,109.0,3.0,7.884001,2.6031003,8.600341,0.0,0.0,8430.0,843.0,0.031273883,2194.4136,0,0,0.0,3.0,0.0,26955400000000.0,110.0,0.018181818,0.6363636,0.864,2.0,0.0,142.0,3.0,0.0,0.0,8430.0,843.0,0.031273883,2194.4136,0,0,0.0,3.0,0.0,26955400000000.0,110.0,0.018181818,0.6363636,0.864,2.0,0.0,142.0,3.0,0.0
1,9499725,23100,0.3655948,25.19,3899.0,16800,89.95,0.0,0.0,333.0,31.0,-0.162,1.0,1.0,5.0,35,9,2,0.0,2.0,0.0,0.0,0.0,0.0,300.58,505.827,0.666,1.125,0.459,1.705,2.337,1.0,1.0,1.0,1.0,2.0,56.0,1.0,3.3333333,0.0,13.0,0.623,40000.0,0.148,0.011,0.0,46666.668,0.778,0.077,0.0,0.0,0.0,0.0,0.0,5.0,-0.01,0.0,0.069,-220.739,2.0,7855.0234,0.921,0.0,89.788,4666.6665,0,0,13.0,13.0,0.023028469,5.924596,0.3655948,0.0,0.0,46666.668,4666.6665,10.0,27648.115,0,0,31.0,0.0,0.09281437,2.896387,13.0,1.0,0.0,0.0,10.0,0.0,0.0,2.0,0.0,0.0,46666.668,4666.6665,10.0,27648.115,0,0,31.0,0.0,0.09281437,2.896387,13.0,1.0,0.0,0.0,10.0,0.0,0.0,2.0,0.0
1,12045670,14700,0.15833738,50.93,2520.0,7500,1283.03,3.0,2.0,8.0,1.0,0.0,1.0,1.0,6.0,39,10,2,0.0,2.0,0.0,0.0,0.0,0.0,0.0,275.8,0.48,0.976,0.883,1.133,1.011,0.0,1.0,1.0,1.0,1.0,67.0,5.0,3.1666667,0.0,0.0,0.0,23300.0,0.0,0.058,0.465,5600.0,0.42,0.031,2050.724,0.0,0.0,1.0,0.0,2.0,-0.001,0.0,0.025,-191.264,2.0,7855.0234,0.921,0.0,0.0,560.0,0,1,72.0,0.0,0.0,5.8333335,0.15833738,0.0,0.0,5600.0,560.0,10.0,3266.6667,0,0,1.0,2.0,0.11111111,0.0,72.0,0.0,0.9305556,1.5789474,0.0,0.0,77.0,1.0,0.0,0.0,5600.0,560.0,10.0,3266.6667,0,0,1.0,2.0,0.11111111,0.0,72.0,0.0,0.9305556,1.5789474,0.0,0.0,77.0,1.0,0.0
1,16995815,13200,0.4313654,50.93,1430.0,17400,1283.03,7.0,10.0,2.0,29.0,0.0,1.0,1.0,5.0,41,8,1,0.0,1.0,0.0,0.0,123.0,0.0,24.9,0.0,0.274,2.018,0.44,0.966,1.0,1.0,1.0,1.0,1.0,1.0,46.0,9.0,15.166667,0.0,0.0,1.507,50275.7,0.11,0.008,0.0,17233.332,0.505,0.021,0.0,0.0,0.0,0.0,0.0,1.0,-0.004,0.0,0.056,-220.739,1.0,7855.0234,0.921,0.0,0.0,1723.3333,0,0,55.0,0.0,0.0,9.230769,0.4313654,0.0,0.0,17233.332,1723.3333,10.0,15907.692,0,0,29.0,10.0,9.666667,0.0,55.0,0.0,0.8363636,0.5934066,0.0,0.0,64.0,1.0,0.0,0.0,17233.332,1723.3333,10.0,15907.692,0,0,29.0,10.0,9.666667,0.0,55.0,0.0,0.8363636,0.5934066,0.0,0.0,64.0,1.0,0.0
1,11773206,33500,0.25636223,19.42,950.0,46000,364.31,46.0,0.0,32.0,9.0,-0.001,1.0,1.0,6.0,40,8,0,0.0,2.0,0.0,0.0,0.0,0.0,8239.61,156486.45,0.507,0.891,0.974,0.995,0.983,1.0,1.0,1.0,1.0,2.0,67.0,76.0,62.666668,0.0,1.0,2.574,139800.0,0.233,0.029,0.065,37433.332,0.443,0.031,744.728,0.0,0.0,1.0,0.0,2.0,0.001,0.0,0.021,-545.374,3.0,7855.0234,0.921,0.0,364.309,3743.3333,0,0,144.0,1.0,0.38348317,35.263157,0.25636223,0.0,0.0,37433.332,3743.3333,10.0,132001.75,0,0,9.0,0.0,0.27272728,40.47878,144.0,0.0069444445,0.4652778,1.2127659,10.0,0.0,219.0,2.0,0.0,0.0,37433.332,3743.3333,10.0,132001.75,0,0,9.0,0.0,0.27272728,40.47878,144.0,0.0069444445,0.4652778,1.2127659,10.0,0.0,219.0,2.0,0.0
1,15625154,14600,0.24005514,50.93,2147.0,10300,545.31,7.0,104.0,31.0,0.0,-0.012,1.0,1.0,6.0,38,10,0,0.0,2.0,0.0,0.0,0.0,5.0,0.0,22494.408,0.48,0.976,0.809,0.952,0.991,1.0,1.0,1.0,0.0,1.0,72.0,1.0,2.0,0.0,6.0,0.0,11400.0,0.0,0.144,0.0,6400.0,0.627,0.029,0.0,0.0,0.0,0.0,0.0,1.0,-0.002,0.0,0.054,-220.739,1.0,7855.0234,0.921,0.0,545.298,640.0,0,0,84.0,11.0,0.25398138,6.800186,0.24005514,0.0,0.0,6400.0,640.0,1.1736702,4352.119,0,0,0.0,104.0,0.0,545298000000.0,89.0,0.06741573,0.80898875,0.5,1.2,0.0,74.0,6.0,0.0,0.0,6400.0,640.0,1.1736702,4352.119,0,0,0.0,104.0,0.0,545298000000.0,89.0,0.06741573,0.80898875,0.5,1.2,0.0,74.0,6.0,0.0
1,10506725,16800,0.5705309,50.93,2292.0,0,2466.75,29.0,3.0,87.0,6.0,43.098,1.0,1.0,5.0,27,8,0,0.0,3.0,50.0,39.0,39.0,1.0,279.0,254.162,0.883,0.875,0.51,1.043,1.067,1.0,1.0,1.0,1.0,2.0,56.0,1.0,2.1666667,0.0,2.0,0.175,7500.0,0.778,0.987,0.0,6700.0,0.728,0.745,0.0,0.0,0.0,0.0,0.0,2.0,-0.015,0.0,0.791,-220.739,2.0,7855.0234,0.921,0.0,2509.848,670.0,1,0,3.0,3.0,1.0950471,7.329843,50.57053,0.0,0.0,6700.0,670.0,0.26694843,4910.9946,0,0,6.0,3.0,0.06818182,418.308,4.0,0.5,0.0,0.0,2.0,0.0,0.0,3.0,0.0,0.0,6700.0,670.0,0.26694843,4910.9946,0,0,6.0,3.0,0.06818182,418.308,4.0,0.5,0.0,0.0,2.0,0.0,0.0,3.0,0.0
1,15791130,800,0.33958665,19.42,3970.0,0,1283.03,33.0,1.0,35.0,4.0,0.0,0.0,0.0,2.0,19,6,0,0.0,1.0,0.0,40.0,265.0,0.0,0.0,0.0,0.495,1.044,0.44,0.966,1.0,0.0,1.0,1.0,1.0,1.0,71.0,8.0,4.8,0.0,2.0,0.0,9600.0,0.47,0.0,0.0,23600.0,0.881,0.243,0.0,0.0,0.0,0.0,0.0,5.0,0.017,0.0,0.315,-220.739,1.0,7855.0234,0.921,0.0,0.0,2360.0,0,0,79.0,0.0,0.0,0.20151134,0.33958665,0.0,0.0,23600.0,2360.0,10.0,475.56674,0,0,0.0,0.0,0.0,0.0,79.0,0.0,0.89873415,1.6666666,0.0,0.0,87.0,1.0,0.0,0.0,23600.0,2360.0,10.0,475.56674,0,0,0.0,0.0,0.0,0.0,79.0,0.0,0.89873415,1.6666666,0.0,0.0,87.0,1.0,0.0
1,9994050,9200,0.3191873,19.42,2103.0,0,574.38,29.0,0.0,0.0,0.0,0.0,1.0,1.0,6.0,21,9,2,0.0,2.0,66.666664,0.0,0.0,0.0,490.73,0.0,0.576,0.799,0.44,0.966,1.0,0.0,0.0,1.0,1.0,1.0,43.0,0.0,0.16666667,0.0,2.0,0.0,16655.1,0.809,1.0,0.0,2600.0,0.319,1.0,0.0,0.0,0.0,0.0,4.0,5.0,0.007,0.029,0.787,-220.739,5.0,7855.0234,0.921,0.0,574.38,260.0,1,0,43.0,0.0,0.2731241,4.374703,66.985855,0.0,0.0,2600.0,260.0,0.452662,1137.4227,0,0,0.0,0.0,0.0,574380000000.0,43.0,0.0,1.0,0.0,0.0,0.0,43.0,1.0,0.0,0.0,2600.0,260.0,0.452662,1137.4227,0,0,0.0,0.0,0.0,574380000000.0,43.0,0.0,1.0,0.0,0.0,0.0,43.0,1.0,0.0
1,16707310,50800,0.3388925,50.93,8534.0,25000,1283.03,24.0,0.0,32.0,9.0,-0.424,1.0,1.0,6.0,39,6,0,0.0,5.0,0.0,109.0,109.0,0.0,4733.845,6331.457,0.798,1.039,0.354,1.464,1.591,1.0,1.0,1.0,1.0,3.0,56.0,1.0,0.0,0.0,6.0,2.908,0.0,0.389,0.0,0.0,46900.0,1.0,0.069,0.0,0.0,0.0,0.0,0.0,2.0,-0.003,0.0,0.08,-220.739,1.0,7855.0234,0.921,0.0,-0.424,4690.0,0,0,6.0,6.0,0.0,5.95266,0.3388925,0.0,0.0,46900.0,4690.0,0.0,27917.975,0,0,9.0,0.0,0.27272728,-0.047111113,6.0,1.0,0.0,0.0,10.0,0.0,0.0,3.0,0.0,0.0,46900.0,4690.0,0.0,27917.975,0,0,9.0,0.0,0.27272728,-0.047111113,6.0,1.0,0.0,0.0,10.0,0.0,0.0,3.0,0.0
1,14889144,9000,0.45563376,26.68,2648.0,0,19485.87,29.0,4.0,67.0,3.0,-0.664,0.0,0.0,4.0,24,8,0,0.0,1.0,100.0,42.0,0.0,0.0,245.35,1466.217,0.26,1.524,0.588,0.435,0.512,1.0,1.0,1.0,1.0,2.0,13.0,0.0,0.0,0.0,0.0,-0.016,88143.31,0.604,0.668,0.0,9500.0,0.244,0.444,0.0,0.0,59.47,0.0,1.0,4.0,0.005,0.749,0.504,-220.739,4.0,20387.656,0.921,0.0,19485.205,1009.47,0,0,13.0,0.0,7.3584614,3.3987916,100.455635,59.47,0.0,9500.0,1009.47,0.051806998,3430.978,1,0,3.0,4.0,0.04411765,6495.069,13.0,0.0,1.0,0.0,0.0,0.0,13.0,2.0,59.47,0.0,9500.0,1009.47,0.051806998,3430.978,1,0,3.0,4.0,0.04411765,6495.069,13.0,0.0,1.0,0.0,0.0,0.0,13.0,2.0,0.0
1,10375894,3200,0.3136653,25.19,2045.0,0,5707.83,28.0,0.0,21.0,1.0,-0.7,1.0,1.0,5.0,26,8,1,0.0,2.0,100.0,0.0,0.0,0.0,0.0,1847.61,0.357,1.412,0.299,3.35,2.341,1.0,1.3333334,1.0,1.0,2.0,67.0,11.0,5.3333335,0.0,0.0,0.0,39003.0,0.243,0.483,0.0,17700.0,0.577,0.121,0.0,0.0,0.0,1.0,1.0,2.0,0.004,0.035,0.078,-220.739,3.0,7855.0234,0.921,0.0,5707.13,1770.0,0,0,78.0,0.0,2.7907727,1.5647922,100.31367,0.0,0.0,17700.0,1770.0,0.31013837,2769.6821,0,0,1.0,0.0,0.045454547,5707.13,78.0,0.0,0.85897434,2.0625,0.0,0.0,89.0,2.0,0.0,0.0,17700.0,1770.0,0.31013837,2769.6821,0,0,1.0,0.0,0.045454547,5707.13,78.0,0.0,0.85897434,2.0625,0.0,0.0,89.0,2.0,0.0
1,9603747,58200,0.23013887,19.42,4834.0,79900,1283.03,73.0,0.0,247.0,1.0,0.077,1.0,1.0,7.0,46,11,0,0.0,2.0,0.0,0.0,0.0,0.0,1358.0809,56351.52,0.44,1.903,0.783,1.265,1.057,1.0,1.0,1.0,1.0,5.0,69.0,14.0,3.5,0.0,5.0,0.0,17100.0,0.01,0.0,0.0,30000.0,0.84,0.003,0.0,0.0,0.0,0.0,0.0,1.0,0.0,0.0,0.0,-220.739,1.0,7855.0234,0.921,0.0,0.077,3000.0,0,0,88.0,5.0,1.5928837e-05,12.039719,0.23013887,0.0,0.0,30000.0,3000.0,10.0,36119.156,0,0,1.0,0.0,0.004032258,0.077,88.0,0.056818184,0.78409094,4.0,10.0,0.0,97.0,5.0,0.0,0.0,30000.0,3000.0,10.0,36119.156,0,0,1.0,0.0,0.004032258,0.077,88.0,0.056818184,0.78409094,4.0,10.0,0.0,97.0,5.0,0.0
1,13415699,3400,0.41931728,26.68,3126.0,0,5922.21,4.0,6.0,0.0,5.0,0.0,1.0,1.0,5.0,30,8,0,0.4286,8.0,0.0,7.0,7.0,1.0,1573.7,0.0,0.644,1.499,0.44,0.966,1.0,1.0,1.25,1.0,1.0,1.0,62.0,2.0,2.0,0.0,0.0,0.0,97702.92,0.208,0.344,0.385,21400.0,0.397,0.21,629.463,0.0,0.0,1.0,0.0,2.0,-0.084,0.0,0.212,-1332.364,6.0,7855.0234,0.921,0.0,5922.21,2140.0,0,1,65.0,1.0,1.894501,1.087652,0.41931728,0.0,0.0,21400.0,2140.0,0.36135158,2327.5752,0,0,5.0,6.0,5.0,1184.442,66.0,0.0,0.93939394,1.0,0.0,10.0,66.0,2.0,0.0,0.0,21400.0,2140.0,0.36135158,2327.5752,0,0,5.0,6.0,5.0,1184.442,66.0,0.0,0.93939394,1.0,0.0,10.0,66.0,2.0,0.0
1,15564539,10500,0.068317264,19.42,2093.0,9400,1283.03,28.0,1.0,35.0,4.0,0.494,1.0,1.0,6.0,43,9,0,0.0,2.0,0.0,0.0,0.0,0.0,0.0,560.452,0.48,0.976,0.78,1.281,1.139,0.5,0.75,1.0,0.0,1.0,30.0,3.0,1.6666666,0.0,2.0,1.0,0.0,0.0,0.0,0.0,2000.0,1.0,0.0,0.0,0.0,0.0,0.0,0.0,2.0,0.0,0.0,0.0,-220.739,0.0,7855.0234,0.921,0.0,0.494,200.0,0,0,33.0,0.0,0.00023602485,5.016722,0.068317264,0.0,0.0,2000.0,200.0,10.0,1003.3445,0,0,0.0,0.0,0.0,494000000.0,33.0,0.0,0.90909094,1.8,0.0,0.0,36.0,1.0,0.0,0.0,2000.0,200.0,10.0,1003.3445,0,0,0.0,0.0,0.0,494000000.0,33.0,0.0,0.90909094,1.8,0.0,0.0,36.0,1.0,0.0
1,8417485,73000,0.3048239,19.42,9120.0,70000,3235.29,9.0,0.0,12.0,2.0,-0.58,1.0,1.0,6.0,40,11,4,0.4286,7.0,0.0,12.0,145.0,0.0,1181.2524,812.663,0.563,1.152,0.435,0.82,0.548,1.0,1.0,3.0,1.0,2.0,23.0,0.0,0.16666667,0.0,1.0,0.038,24000.0,0.1,0.404,0.098,56442.45,0.876,0.095,1660.957,0.0,1963.152,0.0,0.0,5.0,0.009,0.0,0.117,-1353.148,4.0,7855.0234,0.921,0.0,3234.71,7607.397,0,0,24.0,1.0,0.3546831,8.004386,0.3048239,1963.152,0.0,56442.45,7607.397,2.3518019,60892.543,1,0,2.0,0.0,0.15384616,1617.355,24.0,0.041666668,0.9583333,0.0,10.0,0.10715,23.0,2.0,1963.152,0.0,56442.45,7607.397,2.3518019,60892.543,1,0,2.0,0.0,0.15384616,1617.355,24.0,0.041666668,0.9583333,0.0,10.0,0.10715,23.0,2.0,0.0
1,11852160,10600,0.32065293,31.22,2850.0,0,8394.11,17.0,33.0,152.0,3.0,-0.324,0.0,0.0,6.0,26,9,0,0.0,2.0,0.0,0.0,0.0,0.0,0.0,1930.457,0.738,0.947,0.425,0.685,0.701,1.0,1.0,1.0,1.0,2.0,29.0,0.0,0.0,0.0,2.0,-0.189,63300.0,0.78,0.616,0.0,5230.737,0.199,0.566,0.0,0.0,4074.942,0.0,1.0,5.0,-0.003,0.561,0.465,-220.739,4.0,6221.693,0.921,0.0,8393.786,4598.0156,1,0,31.0,2.0,2.945188,3.7192984,0.32065293,4074.942,0.0,5230.737,4598.0156,0.5477881,17101.393,1,0,3.0,33.0,0.019607844,2797.9287,31.0,0.06451613,0.9354839,0.0,10.0,0.0,29.0,2.0,4074.942,0.0,5230.737,4598.0156,0.5477881,17101.393,1,0,3.0,33.0,0.019607844,2797.9287,31.0,0.06451613,0.9354839,0.0,10.0,0.0,29.0,2.0,0.0
1,17316314,10300,0.41277972,47.47,1462.0,14500,1283.03,1.0,7.0,370.0,2.0,-0.899,1.0,1.0,7.0,38,6,0,0.5714,2.0,0.0,0.0,259.0,0.0,0.0,1127.325,0.315,1.941,0.478,0.795,0.762,1.0,1.0,1.0,1.0,3.0,51.0,1.0,0.16666667,0.0,1.0,0.0,35500.0,0.246,0.021,0.0,9000.0,0.449,0.043,0.0,0.0,0.0,0.0,0.0,1.0,0.004,0.0,0.094,-220.739,1.0,7855.0234,0.921,0.0,-0.899,900.0,0,0,53.0,1.0,0.0,7.0451436,0.41277972,0.0,0.0,9000.0,900.0,0.0,6340.6294,0,0,2.0,7.0,0.0053908355,-0.4495,53.0,0.018867925,0.9622642,6.0,10.0,10.0,53.0,3.0,0.0,0.0,9000.0,900.0,0.0,6340.6294,0,0,2.0,7.0,0.0053908355,-0.4495,53.0,0.018867925,0.9622642,6.0,10.0,10.0,53.0,3.0,0.0
1,14782734,3400,0.10490978,29.69,3655.0,0,8502.85,5.0,22.0,434.0,72.0,-0.255,0.0,1.0,7.0,44,9,0,0.0,6.0,0.0,0.0,0.0,0.0,2807.3604,1023.203,0.629,0.935,0.264,1.285,1.577,1.0,1.0,1.0,2.0,3.0,64.0,1.0,4.3333335,0.0,6.0,0.18,120643.02,0.402,0.348,0.077,29900.0,0.426,0.313,518.578,604.55,0.0,1.0,0.0,2.0,0.008,0.0,0.24,1155.203,3.0,7855.0234,0.921,0.0,8502.595,3594.55,0,0,71.0,6.0,2.3262913,0.9302326,0.10490978,0.0,604.55,29900.0,3594.55,0.42275918,3343.7673,0,1,72.0,22.0,0.16551724,118.0916,71.0,0.08450704,0.90140843,0.23076923,10.0,0.0,66.0,3.0,0.0,604.55,29900.0,3594.55,0.42275918,3343.7673,0,1,72.0,22.0,0.16551724,118.0916,71.0,0.08450704,0.90140843,0.23076923,10.0,0.0,66.0,3.0,0.0
1,13961286,9200,0.37886086,25.19,3503.0,9900,1283.03,4.0,2.0,111.0,36.0,-0.074,1.0,1.0,6.0,38,6,3,0.0,2.0,0.0,0.0,208.0,1.0,247.1573,773.53,0.019,0.0,0.16,1.247,1.019,1.0,1.2,1.0,1.0,2.0,74.0,6.0,6.1666665,0.0,3.0,0.0,10212.0,0.026,0.001,0.003,9800.0,0.742,0.007,123.433,0.0,0.0,1.0,0.0,2.0,-0.002,0.0,0.0,-1565.252,2.0,7855.0234,0.921,0.0,-0.074,980.0,0,0,84.0,4.0,0.0,2.6263204,0.37886086,0.0,0.0,9800.0,980.0,0.0,2573.794,0,0,36.0,2.0,0.32142857,-0.0020555556,85.0,0.03529412,0.87058824,0.972973,3.0,0.0,86.0,3.0,0.0,0.0,9800.0,980.0,0.0,2573.794,0,0,36.0,2.0,0.32142857,-0.0020555556,85.0,0.03529412,0.87058824,0.972973,3.0,0.0,86.0,3.0,0.0
1,11075985,24300,0.2984677,19.42,3230.0,20300,1283.03,2.0,8.0,3.0,9.0,2017.544,0.0,1.0,7.0,43,11,0,0.0,2.0,33.333332,0.0,0.0,0.0,0.0,2.28,0.772,1.187,0.01,1.0,1.0,1.0,1.0,1.0,1.0,2.0,85.0,64.0,75.333336,0.0,2.0,0.0,64024.4,0.525,0.09,0.0,16100.0,0.43,0.238,0.0,0.0,0.0,0.0,0.0,2.0,-0.006,0.0,0.233,-220.739,3.0,7855.0234,0.921,0.0,2017.544,1610.0,0,0,151.0,2.0,0.62462664,7.5232196,33.6318,0.0,0.0,16100.0,1610.0,0.7979999,12112.384,0,0,9.0,8.0,2.25,224.17155,151.0,0.013245033,0.5629139,0.8495575,10.0,0.0,213.0,2.0,0.0,0.0,16100.0,1610.0,0.7979999,12112.384,0,0,9.0,8.0,2.25,224.17155,151.0,0.013245033,0.5629139,0.8495575,10.0,0.0,213.0,2.0,0.0
1,14976990,7800,0.065535344,34.33,2994.0,0,1283.03,48.0,0.0,25.0,0.0,2.7,1.0,1.0,7.0,39,10,0,0.0,2.0,0.0,0.0,0.0,0.0,0.0,163.383,0.582,0.932,0.378,0.685,0.527,0.0,1.0,1.0,1.0,2.0,63.0,4.0,4.5,0.0,1.0,-0.049,15000.0,0.169,0.0,0.0,22784.928,0.82,0.112,0.0,0.0,3075.647,0.0,0.0,2.0,-0.008,0.0,0.108,-220.739,1.0,7855.0234,0.921,0.0,2.7,5354.1396,0,0,68.0,1.0,0.0009018036,2.6052103,0.065535344,3075.647,0.0,22784.928,5354.1396,10.0,13948.66,1,0,0.0,0.0,0.0,2700000000.0,68.0,0.014705882,0.9264706,0.8888889,10.0,0.0,71.0,2.0,3075.647,0.0,22784.928,5354.1396,10.0,13948.66,1,0,0.0,0.0,0.0,2700000000.0,68.0,0.014705882,0.9264706,0.8888889,10.0,0.0,71.0,2.0,0.0
1,17571306,13100,0.21731295,47.47,2542.0,6100,1283.03,10.0,2.0,2.0,11.0,0.0,1.0,1.0,5.0,31,9,0,0.0,2.0,0.0,0.0,0.0,0.0,431.07,7.49,0.538,1.041,0.088,0.045,0.025,1.0,1.3333334,1.0,1.0,2.0,60.0,62.0,55.666668,0.0,4.0,0.0,65200.0,0.04,0.088,0.0,25100.0,0.544,0.048,0.0,0.0,0.0,0.0,0.0,2.0,0.001,0.0,0.041,-220.739,2.0,7855.0234,0.921,0.0,0.0,2510.0,0,0,126.0,4.0,0.0,5.1534224,0.21731295,0.0,0.0,25100.0,2510.0,10.0,12935.091,0,0,11.0,2.0,3.6666667,0.0,126.0,0.031746034,0.47619048,1.1137725,10.0,0.0,184.0,2.0,0.0,0.0,25100.0,2510.0,10.0,12935.091,0,0,11.0,2.0,3.6666667,0.0,126.0,0.031746034,0.47619048,1.1137725,10.0,0.0,184.0,2.0,0.0
1,10271224,7900,0.17986225,25.19,1607.0,0,1283.03,32.0,1.0,35.0,4.0,0.0,1.0,1.0,6.0,25,6,0,0.4286,2.0,0.0,0.0,0.0,0.0,3658.18,0.0,0.325,2.02,0.44,0.966,1.0,0.0,1.0,0.6,1.0,1.0,54.0,2.0,1.1666666,0.0,2.0,0.0,26325.8,0.826,0.254,0.0,4600.0,0.344,0.16,0.0,0.0,0.0,0.0,0.0,2.0,-0.002,0.0,0.122,-220.739,2.0,7855.0234,0.921,0.0,0.0,460.0,0,0,56.0,0.0,0.0,4.9159927,0.17986225,0.0,0.0,4600.0,460.0,10.0,2261.3564,0,0,0.0,0.0,0.0,0.0,56.0,0.0,0.96428573,1.7142857,0.0,10.0,58.0,1.0,0.0,0.0,4600.0,460.0,10.0,2261.3564,0,0,0.0,0.0,0.0,0.0,56.0,0.0,0.96428573,1.7142857,0.0,10.0,58.0,1.0,0.0
1,15602931,4400,0.30468068,19.42,1115.0,0,38.12,11.0,0.0,25.0,33.0,0.0,1.0,1.0,6.0,23,9,0,0.2857,2.0,0.0,0.0,0.0,4.0,0.0,81.413,0.619,0.832,0.253,1.738,0.869,1.0,1.0,1.0909091,1.0,2.0,82.0,8.0,34.5,0.0,1.0,0.7,1200.0,0.895,0.095,0.0,1466.667,0.778,0.557,0.0,0.0,0.0,0.0,0.0,1.0,0.036,0.0,0.665,-220.739,2.0,7855.0234,0.921,0.0,38.12,146.6667,1,0,95.0,5.0,0.03418834,3.9461884,0.30468068,0.0,0.0,1466.667,146.6667,3.8475,578.7744,0,0,33.0,0.0,1.2692307,1.1551515,99.0,0.01010101,0.82828283,0.23188406,0.25,10.0,98.0,6.0,0.0,0.0,1466.667,146.6667,3.8475,578.7744,0,0,33.0,0.0,1.2692307,1.1551515,99.0,0.01010101,0.82828283,0.23188406,0.25,10.0,98.0,6.0,0.0
1,16399101,11300,0.34964553,50.93,2335.0,0,5949.89,13.0,0.0,14.0,6.0,0.758,1.0,1.0,6.0,30,6,4,0.0,2.0,25.0,0.0,0.0,0.0,0.0,591.167,0.702,0.943,0.328,0.09,0.145,1.0,1.0,1.0,1.0,2.0,56.0,1.0,2.1666667,0.0,5.0,0.238,52200.0,0.575,0.408,0.0,7300.0,0.295,0.351,0.0,0.0,0.0,0.0,0.0,2.0,-0.018,0.368,0.306,-220.739,5.0,7855.0234,0.921,0.0,5950.648,730.0,0,0,5.0,5.0,2.5484574,4.8394003,25.349646,0.0,0.0,7300.0,730.0,0.12267572,3532.7622,0,0,6.0,0.0,0.4,991.77466,5.0,1.0,0.0,0.0,10.0,0.0,0.0,2.0,0.0,0.0,7300.0,730.0,0.12267572,3532.7622,0,0,6.0,0.0,0.4,991.77466,5.0,1.0,0.0,0.0,10.0,0.0,0.0,2.0,0.0
1,14508342,27800,0.42014366,47.47,5040.0,0,6449.58,3.0,2.0,370.0,11.0,192.773,0.0,1.0,4.0,29,6,0,0.0,2.0,0.0,0.0,145.0,1.0,1931.7,506.827,0.55,1.159,0.476,0.289,0.306,1.0,1.0,1.0,1.0,2.0,76.0,26.0,49.6,0.0,8.0,-0.034,11900.0,0.658,1.0,0.0,7371.28,0.699,0.79,0.0,0.0,2121.536,0.0,0.0,2.0,0.027,0.0,0.467,-220.739,2.0,7855.0234,0.921,0.0,6642.353,2858.664,1,0,111.0,9.0,1.3179272,5.515873,0.42014366,2121.536,0.0,7371.28,2858.664,0.43036917,15768.027,1,0,11.0,2.0,0.029649595,603.8503,112.0,0.071428575,0.6785714,0.5241935,8.0,0.0,128.0,3.0,2121.536,0.0,7371.28,2858.664,0.43036917,15768.027,1,0,11.0,2.0,0.029649595,603.8503,112.0,0.071428575,0.6785714,0.5241935,8.0,0.0,128.0,3.0,0.0
1,10627252,22200,0.509804,34.33,3165.0,27100,1283.03,1.0,1.0,35.0,4.0,0.0,0.0,0.0,5.0,13,3,0,0.0,2.0,100.0,51.0,0.0,0.0,0.0,0.0,0.464,2.155,0.44,0.966,1.0,0.0,1.0,1.0,1.0,1.0,0.0,0.0,0.0,0.0,2.0,0.282,56334.0,0.029,0.0,0.333,15900.0,0.306,0.004,1292.995,0.0,0.0,1.0,0.0,5.0,0.0,0.0,0.013,-901.851,1.0,7855.0234,0.921,0.0,0.0,1590.0,0,1,0.0,0.0,0.0,7.014218,100.5098,0.0,0.0,15900.0,1590.0,10.0,11152.606,0,0,0.0,0.0,0.0,0.0,0.0,0.0,0.0,0.0,0.0,0.0,0.0,1.0,0.0,0.0,15900.0,1590.0,10.0,11152.606,0,0,0.0,0.0,0.0,0.0,0.0,0.0,0.0,0.0,0.0,0.0,0.0,1.0,0.0
1,13712674,51000,0.27872288,50.93,7831.0,25000,1283.03,11.0,1.0,35.0,4.0,0.001,1.0,1.0,6.0,29,9,3,0.0,2.0,0.0,0.0,0.0,0.0,0.0,59590.977,0.0,0.976,0.987,1.0,1.0,1.0,1.1,1.375,1.0,2.0,3.0,0.0,0.0,0.0,2.0,0.0,3000.0,0.0,0.0,0.0,1200.0,0.545,0.0,0.0,0.0,0.0,0.0,0.0,5.0,-0.001,0.0,0.0,-220.739,0.0,7855.0234,0.921,0.0,0.001,120.0,0,0,3.0,0.0,1.2769762e-07,6.512578,0.27872288,0.0,0.0,1200.0,120.0,10.0,781.5094,0,0,0.0,0.0,0.0,1000000.0,3.0,0.0,1.0,0.0,0.0,0.0,3.0,2.0,0.0,0.0,1200.0,120.0,10.0,781.5094,0,0,0.0,0.0,0.0,1000000.0,3.0,0.0,1.0,0.0,0.0,0.0,3.0,2.0,0.0
1,16163314,10800,0.29055515,29.69,1737.0,0,3283.66,1.0,6.0,232.0,11.0,-0.776,1.0,1.0,5.0,27,10,3,0.0,2.0,0.0,0.0,0.0,1.0,300.11,361.763,0.588,1.06,0.692,1.239,1.172,1.0,1.2,1.0,1.0,2.0,73.0,2.0,6.8333335,0.0,4.0,-0.195,8800.0,0.887,1.0,0.0,4800.0,0.622,0.912,0.0,0.0,438.52,1.0,2.0,2.0,0.005,0.074,0.734,-31.119,3.0,7855.0234,0.921,0.0,3282.884,918.52,1,0,80.0,5.0,1.8899735,6.2176166,0.29055515,438.52,0.0,4800.0,918.52,0.27979058,5711.0054,1,0,11.0,6.0,0.047210302,298.444,81.0,0.049382716,0.90123457,0.29268292,4.0,0.0,77.0,3.0,438.52,0.0,4800.0,918.52,0.27979058,5711.0054,1,0,11.0,6.0,0.047210302,298.444,81.0,0.049382716,0.90123457,0.29268292,4.0,0.0,77.0,3.0,0.0
1,13340752,22100,0.24155127,26.68,1454.0,14100,476.6,57.0,1.0,15.0,3.0,-0.932,1.0,1.0,6.0,37,10,0,0.0,2.0,0.0,0.0,0.0,0.0,0.0,596.813,0.256,0.878,0.276,0.024,0.131,1.0,1.0,1.0,1.0,2.0,25.0,0.0,0.0,0.0,1.0,0.0,2700.0,0.848,0.564,0.0,8515.13,0.848,0.405,0.0,0.0,6982.86,0.0,0.0,4.0,0.009,0.0,0.279,-220.739,3.0,1371.207,0.921,0.0,475.668,7834.373,0,0,26.0,1.0,0.32714444,15.19945,0.24155127,6982.86,0.0,8515.13,7834.373,10.0,119078.16,1,0,3.0,1.0,0.1875,158.556,26.0,0.03846154,0.96153843,0.0,10.0,0.0,25.0,2.0,6982.86,0.0,8515.13,7834.373,10.0,119078.16,1,0,3.0,1.0,0.1875,158.556,26.0,0.03846154,0.96153843,0.0,10.0,0.0,25.0,2.0,0.0
1,14836776,11100,0.093669966,19.42,8920.0,13200,1474.46,14.0,14.0,0.0,2.0,-0.054,1.0,1.0,8.0,52,9,0,0.0,6.0,0.0,0.0,250.0,0.0,70.7,2.147,0.463,0.14,0.962,0.949,0.97,0.0,1.0,0.0,1.0,2.0,78.0,4.0,12.0,0.0,2.0,0.0,372400.0,0.758,0.123,0.035,5700.0,0.044,0.122,730.249,0.0,0.0,1.0,2.0,2.0,-0.027,0.0,0.082,-378.992,4.0,7855.0234,0.921,0.0,1474.406,570.0,0,0,82.0,0.0,0.16529216,1.2443947,0.093669966,0.0,0.0,5700.0,570.0,0.38659635,709.30493,0,0,2.0,14.0,2.0,737.203,82.0,0.0,0.9512195,0.33333334,0.0,0.0,86.0,2.0,0.0,0.0,5700.0,570.0,0.38659635,709.30493,0,0,2.0,14.0,2.0,737.203,82.0,0.0,0.9512195,0.33333334,0.0,0.0,86.0,2.0,0.0
1,13086697,6600,0.4241392,34.33,2235.0,0,1283.03,1.0,0.0,1.0,6.0,0.0,1.0,1.0,7.0,31,4,7,0.0,1.0,0.0,47.0,47.0,0.0,0.0,1.1,0.48,0.976,1.0,1.0,1.0,0.0,1.0,1.0,1.0,2.0,22.0,0.0,0.0,0.0,2.0,0.0,17400.0,0.0,0.568,0.0,6000.0,0.339,0.093,8790.381,0.0,0.0,1.0,0.0,2.0,0.009,0.0,0.279,-203.197,2.0,7855.0234,0.921,0.0,0.0,600.0,0,0,22.0,0.0,0.0,2.95302,0.4241392,0.0,0.0,6000.0,600.0,10.0,1771.8121,0,0,6.0,0.0,3.0,0.0,22.0,0.0,1.0,0.0,0.0,0.0,22.0,2.0,0.0,0.0,6000.0,600.0,10.0,1771.8121,0,0,6.0,0.0,3.0,0.0,22.0,0.0,1.0,0.0,0.0,0.0,22.0,2.0,0.0
1,14961821,53300,0.57210493,50.93,8195.0,0,1725.47,15.0,0.0,113.0,38.0,-0.702,1.0,1.0,7.0,38,10,0,0.0,4.0,16.666666,27.0,27.0,3.0,104.7,4065.843,0.878,0.951,0.171,0.648,0.662,1.0,1.0,1.0,2.0,4.0,56.0,1.0,55.8,0.0,5.0,0.093,176100.0,0.344,0.162,0.349,102053.195,0.635,0.216,4052.364,84092.66,24774.33,1.0,0.0,2.0,-0.011,0.0,0.195,863.879,3.0,7855.0234,0.921,0.0,1724.768,119072.305,0,1,8.0,8.0,0.2104659,6.503966,17.238771,24774.33,84092.66,102053.195,119072.305,10.0,774442.2,1,1,38.0,0.0,0.33333334,45.38863,11.0,0.45454547,0.0,0.0,1.6666666,0.0,0.0,7.0,24774.33,84092.66,102053.195,119072.305,10.0,774442.2,1,1,38.0,0.0,0.33333334,45.38863,11.0,0.45454547,0.0,0.0,1.6666666,0.0,0.0,7.0,0.0
1,13043603,9900,0.12072733,50.93,2097.0,0,1283.03,94.0,1.0,35.0,4.0,0.0,1.0,1.0,6.0,44,9,0,0.5714,2.0,0.0,0.0,0.0,0.0,0.0,0.0,0.486,1.486,0.44,0.966,1.0,0.0,1.0,3.0,1.0,1.0,41.0,0.0,0.16666667,0.0,0.0,0.0,3000.0,0.235,0.0,0.0,8500.0,0.895,0.125,0.0,0.0,0.0,0.0,0.0,1.0,-0.021,0.0,0.21,-220.739,1.0,7855.0234,0.921,0.0,0.0,850.0,0,0,41.0,0.0,0.0,4.72103,0.12072733,0.0,0.0,8500.0,850.0,10.0,4012.8755,0,0,0.0,0.0,0.0,0.0,41.0,0.0,1.0,0.0,0.0,10.0,41.0,1.0,0.0,0.0,8500.0,850.0,10.0,4012.8755,0,0,0.0,0.0,0.0,0.0,41.0,0.0,1.0,0.0,0.0,10.0,41.0,1.0,0.0
1,9870900,15200,0.117081165,25.19,2545.0,21400,259.49,50.0,1.0,35.0,4.0,0.0,1.0,1.0,6.0,38,8,0,0.0,2.0,0.0,0.0,0.0,0.0,0.0,358.87952,0.48,0.976,0.44,0.966,1.0,1.0,1.0,1.0,1.0,2.0,56.0,1.0,2.1666667,0.0,2.0,0.0,70500.0,0.0,0.016,0.0,13600.0,0.367,0.006,0.0,0.0,0.0,1.0,0.0,1.0,0.001,0.0,0.007,-195.909,1.0,7855.0234,0.921,0.0,259.49,1360.0,0,0,0.0,0.0,0.101960704,5.972495,0.117081165,0.0,0.0,13600.0,1360.0,5.24105,8122.5933,0,0,0.0,0.0,0.0,259490000000.0,0.0,0.0,0.0,0.0,0.0,0.0,0.0,0.0,0.0,0.0,13600.0,1360.0,5.24105,8122.5933,0,0,0.0,0.0,0.0,259490000000.0,0.0,0.0,0.0,0.0,0.0,0.0,0.0,0.0,0.0
1,9600938,5100,0.14172351,34.33,2085.0,0,1283.03,5.0,1.0,35.0,4.0,0.0,1.0,1.0,4.0,20,4,0,0.0,2.0,0.0,0.0,0.0,0.0,0.0,0.0,0.48,0.976,0.44,0.966,1.0,0.0,1.0,1.0,1.0,1.0,32.0,0.0,0.33333334,0.0,2.0,0.0,0.0,0.0,0.0,0.0,2400.0,1.0,0.0,0.0,0.0,0.0,0.0,0.0,2.0,0.0,0.0,0.0,-220.739,0.0,7855.0234,0.921,0.0,0.0,240.0,0,0,32.0,0.0,0.0,2.4460433,0.14172351,0.0,0.0,2400.0,240.0,10.0,587.05035,0,0,0.0,0.0,0.0,0.0,32.0,0.0,1.0,0.0,0.0,0.0,32.0,1.0,0.0,0.0,2400.0,240.0,10.0,587.05035,0,0,0.0,0.0,0.0,0.0,32.0,0.0,1.0,0.0,0.0,0.0,32.0,1.0,0.0
1,15204282,5300,0.29579553,25.19,2024.0,0,1283.03,1.0,0.0,5.0,0.0,0.9,1.0,1.0,8.0,40,9,0,0.0,1.0,100.0,91.0,0.0,0.0,0.0,284.807,0.864,0.9,0.388,1.292,1.08,1.0,1.0,1.2,2.0,3.0,81.0,4.0,2.5,0.0,1.0,-0.727,0.0,0.729,0.0,0.0,1757.033,1.0,0.226,2489.648,2816.593,2472.34,1.0,0.0,1.0,0.028,0.0,0.0,-220.739,1.0,7855.0234,0.921,0.0,0.9,5464.636,0,0,86.0,1.0,0.00044466404,2.618577,100.2958,2472.34,2816.593,1757.033,5464.636,10.0,14309.571,1,1,0.0,0.0,0.0,900000000.0,86.0,0.011627907,0.94186044,1.6,10.0,0.0,89.0,3.0,2472.34,2816.593,1757.033,5464.636,10.0,14309.571,1,1,0.0,0.0,0.0,900000000.0,86.0,0.011627907,0.94186044,1.6,10.0,0.0,89.0,3.0,0.0
1,14180406,16800,0.10637262,50.93,3016.0,22300,1283.03,20.0,3.0,125.0,37.0,1.331,1.0,1.0,6.0,35,6,0,0.0,1.0,0.0,0.0,0.0,0.0,226.3589,5685.982,0.144,2.986,0.484,2.068,1.41,1.0,1.0,1.0,1.0,3.0,61.0,60.0,50.333332,0.0,19.0,0.332,16148.5,0.007,0.022,0.0,32100.0,0.857,0.003,0.0,0.0,0.0,0.0,0.0,1.0,-0.003,0.0,0.0,-220.739,0.0,7855.0234,0.921,0.0,1.331,3210.0,0,0,140.0,19.0,0.000441313,5.570292,0.10637262,0.0,0.0,32100.0,3210.0,10.0,17880.637,0,0,37.0,3.0,0.2936508,0.03597297,140.0,0.13571429,0.43571427,1.192053,10.0,0.0,181.0,3.0,0.0,0.0,32100.0,3210.0,10.0,17880.637,0,0,37.0,3.0,0.2936508,0.03597297,140.0,0.13571429,0.43571427,1.192053,10.0,0.0,181.0,3.0,0.0
1,15747785,15000,0.40187123,47.47,5358.0,32400,3695.97,2.0,1.0,35.0,4.0,0.0,1.0,1.0,5.0,21,5,0,0.0,2.0,0.0,0.0,237.0,0.0,0.0,0.0,0.48,0.976,0.44,0.966,1.0,0.0,1.0,1.0,1.0,1.0,54.0,27.0,22.25,0.0,2.0,0.0,182520.0,0.0,0.305,0.0,19200.0,0.24,0.174,0.0,0.0,0.0,0.0,0.0,2.0,0.001,0.0,0.232,-220.739,2.0,7855.0234,0.921,0.0,3695.97,1920.0,0,0,81.0,0.0,0.689804,2.799552,0.40187123,0.0,0.0,19200.0,1920.0,0.51948476,5375.14,0,0,0.0,0.0,0.0,3695970000000.0,81.0,0.0,0.6666667,1.2134831,0.0,0.0,108.0,1.0,0.0,0.0,19200.0,1920.0,0.51948476,5375.14,0,0,0.0,0.0,0.0,3695970000000.0,81.0,0.0,0.6666667,1.2134831,0.0,0.0,108.0,1.0,0.0
1,5697305,28100,0.1299318,25.19,3087.0,25500,1283.03,5.0,0.0,1.0,0.0,-0.792,1.0,1.0,5.0,27,7,0,1.2857,9.0,0.0,0.0,0.0,0.0,1776.99,514.493,0.224,1.454,0.507,0.047,0.091,1.0,1.0,1.0,1.0,2.0,57.0,5.0,9.333333,1.0,2.0,0.0,173238.89,0.156,0.161,0.427,35900.0,0.398,0.126,1099.972,0.0,0.0,1.0,0.0,2.0,-0.025,0.0,0.051,-587.753,3.0,7855.0234,0.921,0.0,-0.792,3590.0,0,1,64.0,3.0,0.0,9.102689,0.1299318,0.0,0.0,35900.0,3590.0,0.0,32678.652,0,0,0.0,0.0,0.0,-792000000.0,64.0,0.03125,0.890625,0.53571427,10.0,10.0,67.0,3.0,0.0,0.0,35900.0,3590.0,0.0,32678.652,0,0,0.0,0.0,0.0,-792000000.0,64.0,0.03125,0.890625,0.53571427,10.0,10.0,67.0,3.0,0.0
1,14111283,8200,0.19406883,26.68,2549.0,0,1283.03,4.0,0.0,0.0,8.0,0.0,1.0,1.0,5.0,24,8,0,0.2857,4.0,0.0,0.0,0.0,0.0,240.0,0.0,0.42,1.106,0.44,0.966,1.0,0.0,1.0,2.5,1.0,1.0,46.0,3.0,3.5,0.0,0.0,5.5,26110.2,0.466,0.074,0.0,5666.667,0.324,0.086,0.0,0.0,0.0,0.0,0.0,2.0,-0.013,0.0,0.04,-451.823,3.0,7855.0234,0.921,0.0,0.0,566.6667,0,0,49.0,0.0,0.0,3.2169478,0.19406883,0.0,0.0,5666.667,566.6667,10.0,1822.9373,0,0,8.0,0.0,8.0,0.0,49.0,0.0,0.93877554,0.85714287,0.0,10.0,52.0,1.0,0.0,0.0,5666.667,566.6667,10.0,1822.9373,0,0,8.0,0.0,8.0,0.0,49.0,0.0,0.93877554,0.85714287,0.0,10.0,52.0,1.0,0.0
1,16123982,3800,0.36443037,47.47,1612.0,0,1283.03,8.0,1.0,12.0,0.0,16.284,0.0,0.0,4.0,24,6,0,0.0,2.0,33.333332,0.0,0.0,0.0,283.5,68.382,0.694,0.795,0.307,2.498,2.751,1.0,1.0,0.8181818,1.0,2.0,64.0,9.0,3.1666667,0.0,1.0,0.0,0.0,0.984,0.0,0.094,1000.0,1.0,0.865,239.171,0.0,0.0,1.0,0.0,1.0,0.012,0.0,0.699,-97.308,1.0,7855.0234,0.921,0.0,16.284,100.0,1,0,74.0,1.0,0.0101017365,2.35732,33.697765,0.0,0.0,1000.0,100.0,6.1409974,235.73201,0,0,0.0,1.0,0.0,16284000000.0,74.0,0.013513514,0.8648649,2.8421052,10.0,0.0,82.0,2.0,0.0,0.0,1000.0,100.0,6.1409974,235.73201,0,0,0.0,1.0,0.0,16284000000.0,74.0,0.013513514,0.8648649,2.8421052,10.0,0.0,82.0,2.0,0.0
1,14449416,11700,0.17450503,25.19,2722.0,18000,1283.03,5.0,0.0,32.0,0.0,22.881,1.0,1.0,7.0,43,7,0,0.0,2.0,0.0,0.0,0.0,0.0,0.0,58.167,0.281,0.669,0.338,0.72,1.163,0.0,1.0,1.0,1.0,2.0,56.0,1.0,0.0,0.0,2.0,0.0,22440.0,0.102,0.0,0.0,8600.0,0.535,0.018,0.0,0.0,0.0,0.0,0.0,1.0,0.001,0.0,0.054,-220.739,1.0,7855.0234,0.921,0.0,22.881,860.0,0,0,2.0,2.0,0.008405952,4.2983103,0.17450503,0.0,0.0,8600.0,860.0,10.0,3696.5466,0,0,0.0,0.0,0.0,22881000000.0,2.0,1.0,0.0,0.0,10.0,0.0,0.0,2.0,0.0,0.0,8600.0,860.0,10.0,3696.5466,0,0,0.0,0.0,0.0,22881000000.0,2.0,1.0,0.0,0.0,10.0,0.0,0.0,2.0,0.0
1,11551967,14900,0.10628151,47.47,2469.0,0,1283.03,8.0,0.0,71.0,0.0,-0.041,1.0,1.0,6.0,41,6,3,0.0,10.0,0.0,0.0,145.0,0.0,0.0,796.88,0.78,0.94,0.111,1.455,1.317,1.0,1.0,1.0,2.0,4.0,55.0,46.0,33.0,0.0,4.0,0.0,0.0,0.0,0.0,0.5,10700.0,1.0,0.0,2648.223,9964.657,0.0,1.0,0.0,2.0,0.0,0.0,0.0,613.447,2.0,7855.0234,0.921,0.0,-0.041,11034.657,0,1,105.0,4.0,0.0,6.034832,0.10628151,0.0,9964.657,10700.0,11034.657,0.0,66592.3,0,1,0.0,0.0,0.0,-41000000.0,105.0,0.03809524,0.52380955,1.3939394,10.0,0.0,147.0,4.0,0.0,9964.657,10700.0,11034.657,0.0,66592.3,0,1,0.0,0.0,0.0,-41000000.0,105.0,0.03809524,0.52380955,1.3939394,10.0,0.0,147.0,4.0,0.0
1,14289094,24100,0.14920364,25.19,2750.0,22700,1283.03,40.0,0.0,0.0,1.0,0.0,1.0,1.0,6.0,38,6,0,0.0,2.0,0.0,0.0,0.0,0.0,682.9494,0.0,0.185,0.976,0.44,0.966,1.0,1.0,1.0909091,1.0,1.0,1.0,60.0,11.0,12.0,0.0,0.0,0.0,1500.0,0.101,0.0,0.0,9200.0,0.948,0.032,0.0,0.0,0.0,0.0,0.0,2.0,0.001,0.0,0.0,-3499.142,1.0,7855.0234,0.921,0.0,0.0,920.0,0,0,71.0,0.0,0.0,8.763637,0.14920364,0.0,0.0,9200.0,920.0,10.0,8062.5454,0,0,1.0,0.0,1.0,0.0,71.0,0.0,0.8450704,0.9166667,0.0,0.0,82.0,1.0,0.0,0.0,9200.0,920.0,10.0,8062.5454,0,0,1.0,0.0,1.0,0.0,71.0,0.0,0.8450704,0.9166667,0.0,0.0,82.0,1.0,0.0
1,9345392,64000,0.37256113,25.19,7989.0,0,9821.48,16.0,13.0,62.0,8.0,0.541,0.0,1.0,2.0,26,9,0,0.0,4.0,0.0,0.0,124.0,3.0,1772.9071,1997.658,0.469,0.621,0.066,0.39,0.422,1.0,1.7142857,1.0,1.0,2.0,65.0,48.0,50.5,0.0,3.0,0.0,651390.5,0.453,0.899,0.0,24100.0,0.1,0.803,0.0,0.0,0.0,0.0,1.0,5.0,0.039,0.855,0.712,-220.739,5.0,7855.0234,0.921,0.0,9822.021,2410.0,1,0,119.0,6.0,1.2294431,8.011015,0.37256113,0.0,0.0,24100.0,2410.0,0.24536702,19306.547,0,0,8.0,13.0,0.12698413,1227.7527,122.0,0.024590164,0.5327869,0.95049506,1.0,0.0,161.0,5.0,0.0,0.0,24100.0,2410.0,0.24536702,19306.547,0,0,8.0,13.0,0.12698413,1227.7527,122.0,0.024590164,0.5327869,0.95049506,1.0,0.0,161.0,5.0,0.0
1,9272316,5700,0.17500727,19.42,1611.0,4100,1283.03,3.0,0.0,76.0,0.0,-0.602,1.0,1.0,4.0,29,9,0,0.0,2.0,0.0,0.0,0.0,0.0,0.0,914.56,0.547,0.903,0.614,0.328,0.355,1.0,1.7142857,1.0,1.0,2.0,0.0,0.0,0.0,0.0,3.0,-0.073,13200.0,0.186,0.0,0.0,16171.123,0.786,0.107,0.0,0.0,0.0,0.0,0.0,2.0,-0.013,0.0,0.101,-220.739,1.0,7855.0234,0.921,0.0,-0.602,1617.1123,0,0,3.0,3.0,0.0,3.538175,0.17500727,0.0,0.0,16171.123,1617.1123,0.0,5721.6265,0,0,0.0,0.0,0.0,-602000000.0,3.0,1.0,0.0,0.0,10.0,0.0,0.0,2.0,0.0,0.0,16171.123,1617.1123,0.0,5721.6265,0,0,0.0,0.0,0.0,-602000000.0,3.0,1.0,0.0,0.0,10.0,0.0,0.0,2.0,0.0
1,15656430,7200,0.3830014,59.92,2426.0,0,1283.03,19.0,0.0,8.0,0.0,-0.312,1.0,1.0,6.0,32,10,2,0.0,2.0,0.0,0.0,0.0,0.0,0.0,112.363,0.826,0.972,0.341,0.947,0.794,1.0,1.0,1.0,2.0,3.0,33.0,0.0,0.0,0.0,2.0,0.324,0.0,0.011,0.0,0.5,8266.667,1.0,0.006,1159.84,13301.942,0.0,1.0,0.0,2.0,0.001,0.0,0.0,-624.142,2.0,7855.0234,0.921,0.0,-0.312,14128.608,0,1,35.0,2.0,0.0,2.9678483,0.3830014,0.0,13301.942,8266.667,14128.608,0.0,41931.566,0,1,0.0,0.0,0.0,-312000000.0,35.0,0.057142857,0.94285715,0.0,10.0,0.0,33.0,3.0,0.0,13301.942,8266.667,14128.608,0.0,41931.566,0,1,0.0,0.0,0.0,-312000000.0,35.0,0.057142857,0.94285715,0.0,10.0,0.0,33.0,3.0,0.0
1,16618070,25400,0.18832989,50.93,2184.0,0,1283.03,4.0,2.0,68.0,0.0,-0.069,1.0,1.0,9.0,50,11,0,0.0,2.0,0.0,0.0,0.0,0.0,0.0,222.197,0.212,0.976,0.177,0.616,0.43,1.0,1.0,1.0,1.0,2.0,81.0,2.0,0.5,0.0,0.0,0.0,9750.0,0.711,0.0,0.0,5300.0,0.62,0.0,0.0,0.0,0.0,0.0,0.0,1.0,-0.022,0.0,0.0,-220.739,0.0,7855.0234,0.921,0.0,-0.069,530.0,0,0,83.0,0.0,0.0,11.630036,0.18832989,0.0,0.0,5300.0,530.0,0.0,6163.9194,0,0,0.0,2.0,0.0,-69000000.0,83.0,0.0,0.97590363,4.0,0.0,0.0,85.0,2.0,0.0,0.0,5300.0,530.0,0.0,6163.9194,0,0,0.0,2.0,0.0,-69000000.0,83.0,0.0,0.97590363,4.0,0.0,0.0,85.0,2.0,0.0
1,15132489,10700,0.2620564,59.92,2031.0,0,804.83,4.0,0.0,37.0,2.0,27.234,1.0,1.0,6.0,31,6,7,0.0,2.0,0.0,0.0,0.0,0.0,0.0,20.433,0.329,0.0,0.015,0.166,0.211,1.0,1.0,1.0,1.0,2.0,79.0,3.0,4.0,0.0,0.0,0.0,3600.0,0.243,0.985,0.324,3700.0,0.755,0.224,959.046,0.0,0.0,1.0,0.0,2.0,0.008,0.0,0.164,-414.875,2.0,7855.0234,0.921,0.0,832.064,370.0,0,1,82.0,0.0,0.40968192,5.2683406,0.2620564,0.0,0.0,3700.0,370.0,0.44467732,1949.286,0,0,2.0,0.0,0.05263158,416.032,82.0,0.0,0.9634146,0.75,0.0,0.0,85.0,2.0,0.0,0.0,3700.0,370.0,0.44467732,1949.286,0,0,2.0,0.0,0.05263158,416.032,82.0,0.0,0.9634146,0.75,0.0,0.0,85.0,2.0,0.0
1,9220886,24500,0.32834232,25.19,4322.0,23000,899.0,0.0,0.0,8.0,2.0,0.844,1.0,1.0,9.0,43,10,0,0.0,1.0,0.0,0.0,142.0,0.0,0.0,34005.184,0.474,0.632,0.404,1.234,0.977,1.0,1.0,1.0,1.0,3.0,0.0,0.0,0.0,0.0,6.0,-0.153,192757.2,0.187,0.052,0.0,23730.85,0.271,0.054,0.0,0.0,2246.853,0.0,2.0,2.0,0.005,0.128,0.036,-220.739,4.0,7855.0234,0.921,0.0,899.844,4619.938,0,0,6.0,6.0,0.20820083,5.668672,0.32834232,2246.853,0.0,23730.85,4619.938,5.1341543,26188.912,1,0,2.0,0.0,0.22222222,449.922,6.0,1.0,0.0,0.0,10.0,0.0,0.0,3.0,2246.853,0.0,23730.85,4619.938,5.1341543,26188.912,1,0,2.0,0.0,0.22222222,449.922,6.0,1.0,0.0,0.0,10.0,0.0,0.0,3.0,0.0
1,17467246,13500,0.14443998,50.93,1862.0,7600,1616.11,4.0,0.0,139.0,18.0,-0.662,1.0,1.0,6.0,34,9,0,0.0,2.0,0.0,0.0,0.0,3.0,38.7,13.113,0.501,1.344,0.14,0.37,1.067,1.0,1.0,2.0,1.0,2.0,19.0,0.0,0.0,0.0,1.0,0.611,33197.0,0.491,0.379,0.0,6491.447,0.369,0.173,0.0,0.0,1758.55,1.0,2.0,4.0,-0.053,0.89,0.065,-452.607,3.0,7855.0234,1.0,13500.0,1615.448,2407.6946,0,0,23.0,4.0,0.86758757,7.2502685,0.14443998,1758.55,0.0,6491.447,2407.6946,1.4904191,17456.434,1,0,18.0,0.0,0.12857144,89.74711,26.0,0.03846154,0.7307692,0.0,0.33333334,0.0,19.0,5.0,1758.55,0.0,6491.447,2407.6946,1.4904191,17456.434,1,0,18.0,0.0,0.12857144,89.74711,26.0,0.03846154,0.7307692,0.0,0.33333334,0.0,19.0,5.0,1.0
1,11376835,9100,0.13682443,50.93,2358.0,0,1283.03,69.0,1.0,85.0,1.0,-0.013,0.0,1.0,6.0,39,6,0,0.0,2.0,0.0,0.0,0.0,0.0,0.0,6070.931,0.0,0.976,0.832,0.934,0.973,1.0,1.7142857,0.0,1.0,2.0,72.0,4.0,1.1666666,0.0,0.0,0.0,0.0,0.0,0.0,0.0,7500.0,1.0,0.0,0.0,0.0,0.0,0.0,0.0,1.0,-0.001,0.0,0.0,-220.739,0.0,7855.0234,0.921,0.0,-0.013,750.0,0,0,76.0,0.0,0.0,3.8592026,0.13682443,0.0,0.0,7500.0,750.0,0.0,2894.402,0,0,1.0,1.0,0.011627907,-0.013,76.0,0.0,0.94736844,3.4285715,0.0,0.0,80.0,2.0,0.0,0.0,7500.0,750.0,0.0,2894.402,0,0,1.0,1.0,0.011627907,-0.013,76.0,0.0,0.94736844,3.4285715,0.0,0.0,80.0,2.0,0.0
1,10817469,20600,0.090863705,25.19,1848.0,12800,1283.03,14.0,1.0,35.0,4.0,-0.053,1.0,1.0,6.0,34,11,0,0.0,2.0,0.0,0.0,0.0,0.0,0.0,8246.497,0.48,0.976,0.741,0.882,0.97,0.0,1.0,1.0,0.0,1.0,15.0,0.0,0.0,0.0,2.0,0.0,8100.0,0.0,0.0,0.0,6100.0,0.693,0.0,0.0,0.0,0.0,0.0,0.0,1.0,0.0,0.0,0.0,-220.739,0.0,7855.0234,0.921,0.0,-0.053,610.0,0,0,15.0,0.0,0.0,11.147186,0.090863705,0.0,0.0,6100.0,610.0,0.0,6799.7837,0,0,0.0,0.0,0.0,-53000000.0,15.0,0.0,1.0,0.0,0.0,0.0,15.0,1.0,0.0,0.0,6100.0,610.0,0.0,6799.7837,0,0,0.0,0.0,0.0,-53000000.0,15.0,0.0,1.0,0.0,0.0,0.0,15.0,1.0,0.0
1,10411187,42800,0.057050396,25.19,5564.0,50300,321.27,29.0,3.0,0.0,0.0,-0.038,0.0,1.0,10.0,63,7,0,0.0,1.0,0.0,0.0,0.0,0.0,1045.2126,4107.287,0.221,0.258,0.762,0.907,0.995,1.0,2.0,1.0,1.0,2.0,9.0,0.0,0.33333334,0.0,0.0,0.0,109800.0,0.076,0.009,0.0,30000.0,0.45,0.002,0.0,0.0,0.0,0.0,0.0,2.0,-0.001,0.0,0.005,-220.739,1.0,7855.0234,0.921,0.0,321.232,3000.0,0,0,9.0,0.0,0.057734005,7.6923075,0.057050396,0.0,0.0,30000.0,3000.0,9.339045,23076.924,0,0,0.0,3.0,0.0,321232000000.0,9.0,0.0,1.0,0.0,0.0,0.0,9.0,2.0,0.0,0.0,30000.0,3000.0,9.339045,23076.924,0,0,0.0,3.0,0.0,321232000000.0,9.0,0.0,1.0,0.0,0.0,0.0,9.0,2.0,0.0
1,16104466,33800,0.07228354,50.93,3397.0,25900,1283.03,3.0,0.0,1.0,0.0,0.0,1.0,1.0,7.0,44,11,0,0.0,2.0,0.0,0.0,0.0,0.0,0.0,240.34,0.48,0.976,1.0,1.0,1.0,0.0,1.0,1.0,1.0,1.0,56.0,1.0,2.1666667,0.0,0.0,0.0,237930.0,0.0,0.059,0.0,17000.0,0.177,0.045,0.0,0.0,0.0,0.0,0.0,2.0,0.0,0.297,0.04,-220.739,1.0,7855.0234,0.921,0.0,0.0,1700.0,0,0,0.0,0.0,0.0,9.949956,0.07228354,0.0,0.0,17000.0,1700.0,10.0,16914.926,0,0,0.0,0.0,0.0,0.0,0.0,0.0,0.0,0.0,0.0,0.0,0.0,1.0,0.0,0.0,17000.0,1700.0,10.0,16914.926,0,0,0.0,0.0,0.0,0.0,0.0,0.0,0.0,0.0,0.0,0.0,0.0,1.0,0.0
1,16202781,32400,0.2856343,50.93,4307.0,55900,1283.03,19.0,118.0,243.0,9.0,0.266,0.0,1.0,9.0,53,8,0,0.0,2.0,0.0,0.0,0.0,0.0,3352.9,16815.393,0.376,0.917,0.715,1.399,1.296,1.0,1.0,1.0,1.0,3.0,67.0,14.0,13.333333,0.0,8.0,0.112,20550.0,0.135,0.019,0.0,19900.0,0.744,0.02,0.0,0.0,0.0,0.0,0.0,1.0,-0.002,0.0,0.031,-220.739,1.0,7855.0234,0.921,0.0,0.266,1990.0,0,0,89.0,8.0,6.175993e-05,7.5226374,0.2856343,0.0,0.0,19900.0,1990.0,10.0,14970.049,0,0,9.0,118.0,0.036885247,0.029555555,89.0,0.08988764,0.752809,1.05,10.0,0.0,95.0,3.0,0.0,0.0,19900.0,1990.0,10.0,14970.049,0,0,9.0,118.0,0.036885247,0.029555555,89.0,0.08988764,0.752809,1.05,10.0,0.0,95.0,3.0,0.0
1,13638420,21300,0.561936,50.93,4705.0,18700,1283.03,8.0,2.0,6.0,0.0,-0.846,1.0,1.0,7.0,44,7,3,0.0,4.0,0.0,79.0,79.0,0.0,1374.75,117.417,0.681,1.179,0.233,0.091,0.068,1.0,1.0,1.0,1.0,2.0,0.0,0.0,0.0,0.0,1.0,0.0,0.0,1.0,0.0,0.464,3080.0,1.0,0.723,2193.212,0.0,0.0,1.0,0.0,2.0,0.02,0.0,1.0,-951.216,2.0,7855.0234,0.921,0.0,-0.846,308.0,1,1,1.0,1.0,0.0,4.5270987,0.561936,0.0,0.0,3080.0,308.0,0.0,1394.3464,0,0,0.0,2.0,0.0,-846000000.0,1.0,1.0,0.0,0.0,10.0,0.0,0.0,2.0,0.0,0.0,3080.0,308.0,0.0,1394.3464,0,0,0.0,2.0,0.0,-846000000.0,1.0,1.0,0.0,0.0,10.0,0.0,0.0,2.0,0.0
1,18856301,11300,0.18652421,47.47,2697.0,8700,1283.03,3.0,0.0,106.0,8.0,-0.131,1.0,1.0,5.0,24,2,0,0.0,3.0,0.0,5.0,5.0,0.0,0.0,4292.657,0.167,0.976,0.639,1.315,0.91,0.5,1.0,1.0,1.0,2.0,14.0,1.0,1.8333334,0.0,7.0,0.0,149970.0,0.001,0.003,0.0,18200.0,0.267,0.001,0.0,0.0,0.0,0.0,0.0,1.0,-0.001,0.0,0.0,-220.739,0.0,7855.0234,0.921,0.0,-0.131,1820.0,0,0,22.0,7.0,0.0,4.189841,0.18652421,0.0,0.0,18200.0,1820.0,0.0,7625.51,0,0,8.0,0.0,0.07476635,-0.016375,22.0,0.3181818,0.6363636,0.54545456,10.0,0.0,16.0,2.0,0.0,0.0,18200.0,1820.0,0.0,7625.51,0,0,8.0,0.0,0.07476635,-0.016375,22.0,0.3181818,0.6363636,0.54545456,10.0,0.0,16.0,2.0,0.0
1,9827420,30800,0.19548395,25.19,3898.0,33100,1283.03,4.0,1.0,35.0,4.0,0.0,1.0,1.0,4.0,26,6,0,0.0,2.0,0.0,0.0,0.0,0.0,0.0,1882.747,0.48,0.976,1.0,1.0,1.0,0.0,1.0,1.0,0.0,1.0,13.0,0.0,0.0,0.0,2.0,0.0,100200.0,0.0,0.0,0.009,19600.0,0.37,0.0,230.115,0.0,0.0,1.0,0.0,2.0,0.001,0.0,0.0,-125.291,1.0,7855.0234,0.921,0.0,0.0,1960.0,0,0,13.0,0.0,0.0,7.901488,0.19548395,0.0,0.0,19600.0,1960.0,10.0,15486.916,0,0,0.0,0.0,0.0,0.0,13.0,0.0,1.0,0.0,0.0,0.0,13.0,1.0,0.0,0.0,19600.0,1960.0,10.0,15486.916,0,0,0.0,0.0,0.0,0.0,13.0,0.0,1.0,0.0,0.0,0.0,13.0,1.0,0.0
1,8835673,9700,0.38713673,47.47,4508.0,13900,1283.03,1.0,0.0,137.0,4.0,0.037,1.0,1.0,12.0,53,4,0,0.0,2.0,0.0,6.0,6.0,0.0,0.0,27259.307,0.247,0.893,0.587,0.891,0.941,1.0,1.0,1.0,1.0,3.0,94.0,7.0,5.8333335,0.0,5.0,0.0,192687.0,0.068,0.277,0.0,48400.0,0.287,0.155,0.0,0.0,0.0,0.0,0.0,2.0,-0.001,0.0,0.187,-220.739,3.0,7855.0234,0.921,0.0,0.037,4840.0,0,0,106.0,5.0,8.207631e-06,2.1517303,0.38713673,0.0,0.0,48400.0,4840.0,10.0,10414.374,0,0,4.0,0.0,0.028985508,0.00925,106.0,0.047169812,0.8867925,1.2,10.0,0.0,108.0,3.0,0.0,0.0,48400.0,4840.0,10.0,10414.374,0,0,4.0,0.0,0.028985508,0.00925,106.0,0.047169812,0.8867925,1.2,10.0,0.0,108.0,3.0,0.0
1,13229316,12900,0.14252974,39.13,3207.0,0,1266.66,5.0,1.0,7.0,14.0,0.0,1.0,1.0,7.0,29,11,5,0.0,4.0,0.0,0.0,266.0,0.0,0.0,0.0,0.916,0.96,0.0,0.0,1.0,1.0,1.0,1.0909091,2.0,4.0,17.0,0.0,0.0,0.0,0.0,0.544,30300.0,0.394,0.194,0.4,17449.36,0.633,0.278,1756.597,9138.485,6393.788,1.0,1.0,2.0,0.034,0.092,0.268,300.984,4.0,7855.0234,0.921,0.0,1266.66,17277.209,0,1,17.0,0.0,0.39496726,4.022451,0.14252974,6393.788,9138.485,17449.36,17277.209,10.0,69496.73,1,1,14.0,1.0,1.75,90.475716,17.0,0.0,1.0,0.0,0.0,0.0,17.0,4.0,6393.788,9138.485,17449.36,17277.209,10.0,69496.73,1,1,14.0,1.0,1.75,90.475716,17.0,0.0,1.0,0.0,0.0,0.0,17.0,4.0,0.0
1,11465256,30000,0.5381491,26.68,10141.0,0,1283.03,0.0,41.0,579.0,50.0,3.622,1.0,1.0,6.0,38,6,0,0.0,3.0,25.0,48.0,153.0,0.0,34.9,26735.207,0.354,1.867,0.719,1.318,1.366,1.0,1.0,1.0,2.0,5.0,81.0,146.0,80.0,0.0,4.0,0.091,0.0,0.055,0.0,0.09,78933.336,1.0,0.036,36455.5,25644.967,0.0,1.0,0.0,2.0,0.002,0.0,0.045,11922.67,2.0,7855.0234,0.921,0.0,3.622,33538.3,0,0,231.0,4.0,0.00035716398,2.9582882,25.538149,0.0,25644.967,78933.336,33538.3,10.0,99215.95,0,1,50.0,41.0,0.0862069,0.07244,231.0,0.017316017,0.35064936,1.825,10.0,0.0,373.0,5.0,0.0,25644.967,78933.336,33538.3,10.0,99215.95,0,1,50.0,41.0,0.0862069,0.07244,231.0,0.017316017,0.35064936,1.825,10.0,0.0,373.0,5.0,0.0
1,8977860,35000,0.23906961,23.73,4037.0,43700,5181.18,21.0,1.0,98.0,3.0,0.064,0.0,1.0,6.0,43,8,0,0.0,2.0,0.0,0.0,0.0,0.0,672.0,5447.416,0.43,0.843,0.603,0.774,0.966,1.0,1.0,1.0,1.0,2.0,3.0,0.0,0.0,0.0,0.0,0.0,204808.5,0.062,0.075,0.0,43900.0,0.391,0.045,0.0,0.0,0.0,0.0,0.0,2.0,0.0,0.0,0.054,-220.739,2.0,7855.0234,0.921,0.0,5181.244,4390.0,0,0,3.0,0.0,1.2834392,8.669805,0.23906961,0.0,0.0,43900.0,4390.0,0.8472869,38060.44,0,0,3.0,1.0,0.030303031,1727.0813,3.0,0.0,1.0,0.0,0.0,0.0,3.0,2.0,0.0,0.0,43900.0,4390.0,0.8472869,38060.44,0,0,3.0,1.0,0.030303031,1727.0813,3.0,0.0,1.0,0.0,0.0,0.0,3.0,2.0,0.0
1,15639411,14900,0.14150974,50.93,2066.0,20700,1682.38,31.0,9.0,56.0,0.0,-0.48,1.0,1.0,8.0,44,7,0,0.0,2.0,0.0,0.0,0.0,0.0,0.0,1584.843,0.48,0.976,0.279,0.059,0.197,1.0,1.0,1.0,0.0,1.0,68.0,2.0,1.3333334,0.0,0.0,0.0,161703.0,0.0,0.187,0.0,13400.0,0.199,0.066,0.0,0.0,0.0,0.0,0.0,1.0,0.007,0.0,0.025,-220.739,2.0,7855.0234,0.921,0.0,1681.9,1340.0,0,0,70.0,0.0,0.8140852,7.2120037,0.14150974,0.0,0.0,13400.0,1340.0,0.796718,9664.085,0,0,0.0,9.0,0.0,1681900000000.0,70.0,0.0,0.9714286,1.5,0.0,0.0,72.0,1.0,0.0,0.0,13400.0,1340.0,0.796718,9664.085,0,0,0.0,9.0,0.0,1681900000000.0,70.0,0.0,0.9714286,1.5,0.0,0.0,72.0,1.0,0.0
1,11302566,37800,0.42923048,34.33,2645.0,27200,149.5,6.0,0.0,39.0,0.0,0.038,1.0,1.0,5.0,31,11,4,0.0,2.0,0.0,0.0,156.0,0.0,0.0,57622.645,0.48,0.976,0.851,1.175,1.047,1.0,1.0,1.0,1.0,1.0,56.0,1.0,2.1666667,0.0,0.0,0.0,11400.0,0.0,0.11,0.5,2600.0,0.435,0.03,1089.749,0.0,0.0,1.0,0.0,2.0,0.0,0.0,0.017,-288.021,2.0,7855.0234,0.921,0.0,149.538,260.0,0,1,0.0,0.0,0.056536105,14.291116,0.42923048,0.0,0.0,2600.0,260.0,1.7386885,3715.69,0,0,0.0,0.0,0.0,149538000000.0,0.0,0.0,0.0,0.0,0.0,0.0,0.0,1.0,0.0,0.0,2600.0,260.0,1.7386885,3715.69,0,0,0.0,0.0,0.0,149538000000.0,0.0,0.0,0.0,0.0,0.0,0.0,0.0,1.0,0.0
1,18242289,3500,0.24017441,47.47,2276.0,0,1283.03,4.0,1.0,35.0,4.0,0.494,1.0,1.0,5.0,23,5,0,0.0,4.0,0.0,53.0,53.0,0.0,0.0,3410.92,0.48,0.976,0.534,0.781,0.574,0.75,1.0,1.0,1.0,2.0,24.0,0.0,0.0,0.0,2.0,0.0,0.0,0.0,0.0,0.0,2200.0,1.0,0.0,0.0,0.0,0.0,0.0,0.0,2.0,0.0,0.0,0.0,-220.739,0.0,7855.0234,0.921,0.0,0.494,220.0,0,0,24.0,0.0,0.00021704745,1.5377855,0.24017441,0.0,0.0,2200.0,220.0,10.0,338.31284,0,0,0.0,0.0,0.0,494000000.0,24.0,0.0,1.0,0.0,0.0,0.0,24.0,2.0,0.0,0.0,2200.0,220.0,10.0,338.31284,0,0,0.0,0.0,0.0,494000000.0,24.0,0.0,1.0,0.0,0.0,0.0,24.0,2.0,0.0
1,13777144,19300,0.33045933,29.69,2926.0,0,1283.03,29.0,5.0,1.0,2.0,4.038,0.0,0.0,5.0,21,8,0,0.0,1.0,0.0,0.0,0.0,0.0,0.0,142.457,0.848,0.765,0.055,0.96,0.949,1.0,1.0,1.0,1.0,2.0,54.0,22.0,4.0,0.0,1.0,-0.108,21000.0,0.627,1.0,0.0,25106.53,0.782,0.75,0.0,0.0,10202.31,1.0,1.0,5.0,0.004,0.136,0.633,-664.242,2.0,553.6,0.733,14000.0,4.038,12712.963,1,0,77.0,1.0,0.001380041,6.5960355,0.33045933,10202.31,0.0,25106.53,12712.963,10.0,83855.16,1,0,2.0,5.0,1.0,2.019,77.0,0.012987013,0.7012987,5.5,10.0,0.0,98.0,2.0,10202.31,0.0,25106.53,12712.963,10.0,83855.16,1,0,2.0,5.0,1.0,2.019,77.0,0.012987013,0.7012987,5.5,10.0,0.0,98.0,2.0,1.0
1,12427083,14600,0.41760397,29.69,6045.0,9200,1283.03,16.0,0.0,1.0,9.0,23.35,1.0,1.0,5.0,31,9,0,0.0,2.0,0.0,0.0,0.0,0.0,6.2316,2581.417,0.558,0.616,0.399,2.507,1.306,1.0,1.0909091,1.0,1.0,2.0,5.0,0.0,0.0,0.0,6.0,0.133,328200.0,0.322,0.0,0.0,32666.668,0.23,0.036,0.0,0.0,0.0,0.0,0.0,2.0,0.0,0.0,0.016,-220.739,1.0,7855.0234,0.921,0.0,23.35,3266.6667,0,0,11.0,6.0,0.0038626965,2.4152193,0.41760397,0.0,0.0,32666.668,3266.6667,10.0,7889.7163,0,0,9.0,0.0,4.5,2.5944445,11.0,0.54545456,0.45454547,0.0,10.0,0.0,5.0,2.0,0.0,0.0,32666.668,3266.6667,10.0,7889.7163,0,0,9.0,0.0,4.5,2.5944445,11.0,0.54545456,0.45454547,0.0,10.0,0.0,5.0,2.0,0.0
1,12630360,5800,0.09694261,29.69,4398.0,5700,1283.03,4.0,3.0,38.0,5.0,0.03,1.0,1.0,7.0,49,8,0,0.0,1.0,0.0,0.0,0.0,0.0,279.78,22011.14,0.382,0.414,0.921,1.014,0.974,0.75,3.0,1.0,1.0,3.0,82.0,90.0,69.0,0.0,1.0,0.0,102172.5,0.844,0.05,0.0,5700.0,0.143,0.075,0.0,0.0,0.0,0.0,0.0,2.0,0.004,0.0,0.048,-1175.863,2.0,7855.0234,0.921,0.0,0.03,570.0,0,0,173.0,1.0,6.8212826e-06,1.3187813,0.09694261,0.0,0.0,5700.0,570.0,10.0,751.7053,0,0,5.0,3.0,0.12820514,0.006,173.0,0.0057803467,0.47398844,1.3043479,10.0,0.0,262.0,3.0,0.0,0.0,5700.0,570.0,10.0,751.7053,0,0,5.0,3.0,0.12820514,0.006,173.0,0.0057803467,0.47398844,1.3043479,10.0,0.0,262.0,3.0,0.0
1,15539016,2500,0.34303555,25.19,2295.0,0,1283.03,0.0,0.0,54.0,6.0,8.741,1.0,1.0,5.0,31,6,2,0.0,2.0,20.0,0.0,218.0,0.0,0.0,15.22,0.893,0.98,0.023,0.257,0.275,0.25,0.375,3.0,1.0,2.0,47.0,4.0,5.6666665,0.0,2.0,0.052,0.0,0.888,0.0,0.009,21462.783,1.0,0.863,1523.798,0.0,0.0,1.0,0.0,2.0,-0.016,0.0,0.856,126.751,2.0,7855.0234,0.921,0.0,8.741,2146.2783,1,0,53.0,2.0,0.0038087147,1.0893246,20.343035,0.0,0.0,21462.783,2146.2783,10.0,2337.994,0,0,6.0,0.0,0.10909091,1.4568334,53.0,0.03773585,0.8867925,0.7058824,10.0,0.0,55.0,2.0,0.0,0.0,21462.783,2146.2783,10.0,2337.994,0,0,6.0,0.0,0.10909091,1.4568334,53.0,0.03773585,0.8867925,0.7058824,10.0,0.0,55.0,2.0,0.0
1,9444962,14300,0.0990664,34.33,2192.0,0,1325.93,6.0,12.0,6.0,2.0,-0.884,1.0,1.0,5.0,32,9,0,0.0,1.0,0.0,100.0,0.0,0.0,0.0,88.55,0.48,0.976,0.733,0.211,0.328,1.0,1.5714285,1.0,1.0,1.0,51.0,12.0,33.0,0.0,0.0,0.0,77706.0,0.0,0.074,0.0,1600.0,0.058,0.059,0.0,0.0,0.0,0.0,0.0,1.0,0.002,0.0,0.048,-220.739,1.0,7855.0234,0.921,0.0,1325.046,160.0,0,0,63.0,0.0,0.6044918,6.5237226,0.0990664,0.0,0.0,1600.0,160.0,0.120750524,1043.7957,0,0,2.0,12.0,0.2857143,662.523,63.0,0.0,0.8095238,0.36363637,0.0,0.0,75.0,1.0,0.0,0.0,1600.0,160.0,0.120750524,1043.7957,0,0,2.0,12.0,0.2857143,662.523,63.0,0.0,0.8095238,0.36363637,0.0,0.0,75.0,1.0,0.0
1,10504646,44400,0.17421824,19.42,6712.0,49500,1283.03,44.0,0.0,34.0,1.0,-0.527,1.0,1.0,6.0,40,9,1,0.0,2.0,0.0,0.0,121.0,0.0,778.0,17110.906,0.409,0.967,0.733,0.644,0.817,1.0,1.0,1.0,1.0,2.0,63.0,0.0,0.0,0.0,3.0,0.0,898023.6,0.207,0.036,0.0,30000.0,0.091,0.026,0.0,0.0,0.0,0.0,0.0,2.0,0.0,0.0,0.015,-220.739,4.0,7855.0234,0.921,0.0,-0.527,3000.0,0,0,66.0,3.0,0.0,6.615018,0.17421824,0.0,0.0,30000.0,3000.0,0.0,19845.053,0,0,1.0,0.0,0.028571429,-0.527,66.0,0.045454547,0.95454544,0.0,10.0,0.0,63.0,2.0,0.0,0.0,30000.0,3000.0,0.0,19845.053,0,0,1.0,0.0,0.028571429,-0.527,66.0,0.045454547,0.95454544,0.0,10.0,0.0,63.0,2.0,0.0
1,12922695,33000,0.5290834,26.68,3886.0,48400,1283.03,2.0,6.0,174.0,5.0,3.411,1.0,1.0,6.0,36,6,0,0.0,2.0,0.0,0.0,195.0,0.0,9461.406,814.203,0.192,0.189,0.116,0.368,0.223,1.0,1.0,1.0,1.0,2.0,62.0,92.0,41.5,0.0,2.0,0.027,156300.0,0.002,0.019,0.0,15333.333,0.227,0.009,0.0,0.0,0.0,0.0,0.0,1.0,-0.001,0.0,0.001,-220.739,1.0,7855.0234,0.921,0.0,3.411,1533.3333,0,0,156.0,2.0,0.00087776635,8.4920225,0.5290834,0.0,0.0,15333.333,1533.3333,10.0,13021.102,0,0,5.0,6.0,0.028571429,0.6822,156.0,0.012820513,0.3974359,2.2168674,10.0,0.0,246.0,2.0,0.0,0.0,15333.333,1533.3333,10.0,13021.102,0,0,5.0,6.0,0.028571429,0.6822,156.0,0.012820513,0.3974359,2.2168674,10.0,0.0,246.0,2.0,0.0
1,13966672,9100,0.3049379,19.42,2642.0,0,2695.14,7.0,1.0,35.0,4.0,0.0,0.0,0.0,1.0,2,0,0,0.0,1.0,0.0,0.0,0.0,0.0,0.0,358.87952,0.48,0.976,0.44,0.966,1.0,1.0,1.0,1.0,1.0,2.0,56.0,1.0,2.1666667,0.0,2.0,0.0,21900.0,0.0,0.432,0.351,0.0,0.0,0.387,1513.197,0.0,0.0,1.0,0.0,5.0,0.001,0.0,0.338,455.724,2.0,7855.0234,0.921,0.0,2695.14,0.0,0,1,0.0,0.0,1.0201136,3.4443603,0.3049379,0.0,0.0,0.0,0.0,0.0,0.0,0,0,0.0,0.0,0.0,2695140000000.0,0.0,0.0,0.0,0.0,0.0,0.0,0.0,0.0,0.0,0.0,0.0,0.0,0.0,0.0,0,0,0.0,0.0,0.0,2695140000000.0,0.0,0.0,0.0,0.0,0.0,0.0,0.0,0.0,0.0
1,16113874,2600,0.40734723,47.47,3117.0,0,2173.53,5.0,1.0,35.0,4.0,0.0,1.0,1.0,6.0,22,8,1,0.0,2.0,25.0,0.0,218.0,0.0,0.0,21.517,0.48,0.976,0.167,0.006,0.003,0.0,1.0,1.0,1.0,3.0,30.0,0.0,0.0,0.0,2.0,0.0,21026.0,0.0,0.646,0.0,2000.0,0.225,0.478,0.0,0.0,0.0,1.0,1.0,2.0,-0.031,0.58,0.522,2055.855,4.0,7855.0234,0.921,0.0,2173.53,200.0,0,0,30.0,0.0,0.69731474,0.8341354,25.407347,0.0,0.0,2000.0,200.0,0.09201621,166.82707,0,0,0.0,0.0,0.0,2173530000000.0,30.0,0.0,1.0,0.0,0.0,0.0,30.0,3.0,0.0,0.0,2000.0,200.0,0.09201621,166.82707,0,0,0.0,0.0,0.0,2173530000000.0,30.0,0.0,1.0,0.0,0.0,0.0,30.0,3.0,0.0
1,15366161,72600,0.49793333,23.73,3113.0,88600,1283.03,6.0,15.0,16.0,0.0,316.207,0.0,1.0,9.0,56,9,0,0.0,9.0,0.0,20.0,20.0,0.0,1597.66,125.233,0.23,0.598,0.405,1.879,1.723,0.0,0.0,1.0,1.0,2.0,75.0,75.0,32.833332,0.0,2.0,-0.286,0.0,0.779,0.0,0.465,5600.0,1.0,0.297,956.346,0.0,714.395,1.0,0.0,2.0,-0.056,0.0,0.233,-507.823,2.0,7855.0234,0.921,0.0,316.207,1274.395,0,1,152.0,2.0,0.10157629,23.321554,0.49793333,714.395,0.0,5600.0,1274.395,4.0302553,29720.873,1,0,0.0,15.0,0.0,316207000000.0,152.0,0.013157895,0.49342105,2.2842638,10.0,0.0,225.0,2.0,714.395,0.0,5600.0,1274.395,4.0302553,29720.873,1,0,0.0,15.0,0.0,316207000000.0,152.0,0.013157895,0.49342105,2.2842638,10.0,0.0,225.0,2.0,0.0
1,12633940,16800,0.35754368,19.42,3452.0,15500,1283.03,55.0,0.0,2.0,3.0,0.11,1.0,1.0,5.0,34,6,0,0.0,2.0,0.0,0.0,251.0,0.0,1978.237,24067.27,0.284,0.848,0.185,5.401,2.871,1.0,1.0,1.0,1.0,3.0,10.0,1.0,2.3333333,0.0,1.0,0.0,85840.0,0.122,0.191,0.0,30800.0,0.518,0.085,0.0,0.0,0.0,0.0,0.0,2.0,0.007,0.0,0.107,-220.739,2.0,7855.0234,0.921,0.0,0.11,3080.0,0,0,12.0,1.0,3.1865584e-05,4.866744,0.35754368,0.0,0.0,30800.0,3080.0,10.0,14989.571,0,0,3.0,0.0,1.0,0.036666665,12.0,0.083333336,0.8333333,0.42857143,10.0,0.0,12.0,3.0,0.0,0.0,30800.0,3080.0,10.0,14989.571,0,0,3.0,0.0,1.0,0.036666665,12.0,0.083333336,0.8333333,0.42857143,10.0,0.0,12.0,3.0,0.0
1,9859684,22100,0.062401585,56.27,3385.0,17100,21689.49,35.0,1.0,19.0,7.0,-0.962,1.0,1.0,5.0,32,10,0,0.0,5.0,0.0,0.0,251.0,3.0,0.0,280.606,0.582,0.108,0.27,0.631,2.34,1.0,1.0,1.0,1.0,2.0,56.0,0.0,0.33333334,0.0,0.0,0.0,81600.0,0.543,0.83,0.0,14000.0,0.34,0.535,0.0,0.0,0.0,0.0,3.0,2.0,-0.003,0.958,0.528,-220.739,3.0,7855.0234,0.921,0.0,21688.527,1400.0,1,0,59.0,3.0,6.407246,6.5288033,0.062401585,0.0,0.0,14000.0,1400.0,0.06455025,9140.325,0,0,7.0,1.0,0.35,3098.361,62.0,0.0,0.9032258,0.0,0.0,0.0,56.0,5.0,0.0,0.0,14000.0,1400.0,0.06455025,9140.325,0,0,7.0,1.0,0.35,3098.361,62.0,0.0,0.9032258,0.0,0.0,0.0,56.0,5.0,0.0
1,11177231,59400,0.24779621,25.19,7417.0,81500,1283.03,39.0,47.0,374.0,1.0,-0.154,0.0,0.0,10.0,59,11,0,0.0,2.0,0.0,0.0,0.0,0.0,1909.954,43053.938,0.28,1.843,0.86,0.856,0.876,1.0,1.0,1.0,1.0,2.0,77.0,38.0,54.666668,0.0,11.0,0.0,163041.0,0.291,0.084,0.454,45900.0,0.458,0.059,483.864,0.0,0.0,1.0,0.0,2.0,0.006,0.0,0.178,-250.72,2.0,7855.0234,0.921,0.0,-0.154,4590.0,0,1,126.0,11.0,0.0,8.008629,0.24779621,0.0,0.0,45900.0,4590.0,0.0,36759.605,0,0,1.0,47.0,0.0026666666,-0.154,126.0,0.08730159,0.6111111,0.69512194,10.0,0.0,153.0,2.0,0.0,0.0,45900.0,4590.0,0.0,36759.605,0,0,1.0,47.0,0.0026666666,-0.154,126.0,0.08730159,0.6111111,0.69512194,10.0,0.0,153.0,2.0,0.0
1,17782412,10400,0.18587369,47.47,2994.0,14900,1283.03,9.0,2.0,0.0,4.0,0.0,1.0,1.0,7.0,23,7,2,0.0,3.0,0.0,0.0,0.0,0.0,686.32,0.0,0.384,1.97,0.44,0.966,1.0,1.0,1.375,1.5714285,1.0,1.0,61.0,10.0,11.166667,0.0,0.0,1.308,4005.0,0.595,0.57,0.382,7300.0,0.829,0.346,427.041,0.0,0.0,1.0,0.0,2.0,-0.04,0.0,0.544,-203.102,2.0,7855.0234,0.921,0.0,0.0,730.0,0,1,71.0,0.0,0.0,3.473614,0.18587369,0.0,0.0,7300.0,730.0,10.0,2535.738,0,0,4.0,2.0,4.0,0.0,71.0,0.0,0.85915494,0.8955224,0.0,0.0,81.0,1.0,0.0,0.0,7300.0,730.0,10.0,2535.738,0,0,4.0,2.0,4.0,0.0,71.0,0.0,0.85915494,0.8955224,0.0,0.0,81.0,1.0,0.0
1,12707885,16200,0.26474452,26.68,1838.0,10700,9559.37,44.0,1.0,35.0,4.0,0.0,1.0,1.0,6.0,33,9,0,0.0,2.0,0.0,0.0,298.0,0.0,0.0,0.1,0.502,0.046,1.0,1.0,1.0,0.0,1.0,1.0,1.0,2.0,54.0,6.0,9.166667,0.0,2.0,0.0,30600.0,0.059,0.982,0.0,6500.0,0.389,0.598,0.0,0.0,0.0,0.0,0.0,2.0,-0.001,0.0,0.37,-220.739,2.0,7855.0234,0.921,0.0,9559.37,650.0,1,0,60.0,0.0,5.200963,8.813929,0.26474452,0.0,0.0,6500.0,650.0,0.067996114,5729.053,0,0,0.0,0.0,0.0,9559370000000.0,60.0,0.0,0.9,0.6545454,0.0,0.0,66.0,2.0,0.0,0.0,6500.0,650.0,0.067996114,5729.053,0,0,0.0,0.0,0.0,9559370000000.0,60.0,0.0,0.9,0.6545454,0.0,0.0,66.0,2.0,0.0
1,14061800,30500,0.23303576,19.42,2246.0,19000,1283.03,10.0,4.0,158.0,11.0,0.0,1.0,1.0,6.0,38,9,0,0.0,4.0,0.0,118.0,200.0,9.0,148.416,228.793,0.145,1.009,0.329,0.714,0.464,1.0,1.0,0.0,1.0,3.0,20.0,0.0,0.0,0.0,3.0,0.511,21900.0,0.123,0.765,0.0,13900.0,0.656,0.15,0.0,0.0,0.0,0.0,0.0,2.0,-0.003,0.0,0.272,-220.739,2.0,7855.0234,0.921,0.0,0.0,1390.0,0,0,32.0,12.0,0.0,13.579698,0.23303576,0.0,0.0,13900.0,1390.0,10.0,18875.78,0,0,11.0,4.0,0.06918239,0.0,41.0,0.07317073,0.4878049,0.0,0.33333334,0.0,20.0,12.0,0.0,0.0,13900.0,1390.0,10.0,18875.78,0,0,11.0,4.0,0.06918239,0.0,41.0,0.07317073,0.4878049,0.0,0.33333334,0.0,20.0,12.0,0.0
1,9030631,21200,0.12665717,25.19,2984.0,11900,845.87,15.0,0.0,10.0,1.0,-0.768,1.0,1.0,6.0,38,7,0,0.0,1.0,0.0,0.0,0.0,0.0,0.0,5539.317,0.359,0.616,0.47,0.382,0.451,1.0,1.0,1.0,1.0,2.0,49.0,40.0,34.666668,0.0,0.0,0.0,64177.1,0.124,0.04,0.0,19400.0,0.476,0.032,0.0,0.0,0.0,0.0,0.0,5.0,0.004,0.0,0.08,-220.739,2.0,7855.0234,0.921,0.0,845.102,1940.0,0,0,89.0,0.0,0.2832111,7.1045575,0.12665717,0.0,0.0,19400.0,1940.0,2.2955809,13782.842,0,0,1.0,0.0,0.09090909,845.102,89.0,0.0,0.5505618,1.1538461,0.0,0.0,129.0,2.0,0.0,0.0,19400.0,1940.0,2.2955809,13782.842,0,0,1.0,0.0,0.09090909,845.102,89.0,0.0,0.5505618,1.1538461,0.0,0.0,129.0,2.0,0.0
1,14323079,16600,0.18029507,26.68,2692.0,0,260.86,30.0,0.0,0.0,0.0,0.0,1.0,1.0,6.0,37,8,2,0.0,2.0,0.0,0.0,0.0,0.0,0.0,0.11,0.319,1.435,1.0,1.0,1.0,0.0,1.0,1.0,1.0,2.0,56.0,1.0,2.1666667,0.0,0.0,0.0,69854.85,0.144,0.095,0.0,2400.0,0.094,0.065,0.0,0.0,0.0,0.0,1.0,1.0,0.006,0.0,0.024,-220.739,2.0,7855.0234,0.921,0.0,260.86,240.0,0,0,0.0,0.0,0.09690193,6.166419,0.18029507,0.0,0.0,2400.0,240.0,0.92003375,1479.9406,0,0,0.0,0.0,0.0,260860000000.0,0.0,0.0,0.0,0.0,0.0,0.0,0.0,2.0,0.0,0.0,2400.0,240.0,0.92003375,1479.9406,0,0,0.0,0.0,0.0,260860000000.0,0.0,0.0,0.0,0.0,0.0,0.0,0.0,2.0,0.0
1,17836152,14700,0.23672253,50.93,4057.0,12700,223.27,4.0,3.0,2.0,6.0,0.3,1.0,1.0,8.0,52,9,3,0.2857,2.0,0.0,0.0,0.0,0.0,0.0,85.976,0.715,1.445,0.06,0.777,0.724,1.0,1.0,1.0,1.0,2.0,91.0,90.0,95.333336,0.0,4.0,2.75,42600.0,0.302,0.244,0.0,9000.0,0.388,0.131,0.0,0.0,0.0,0.0,1.0,2.0,0.003,0.218,0.185,-220.739,4.0,7855.0234,0.921,0.0,223.57,900.0,0,0,185.0,4.0,0.05510722,3.623367,0.23672253,0.0,0.0,9000.0,900.0,4.0255847,3261.0303,0,0,6.0,3.0,2.0,37.261665,185.0,0.021621622,0.4918919,0.9440559,10.0,0.095233336,271.0,2.0,0.0,0.0,9000.0,900.0,4.0255847,3261.0303,0,0,6.0,3.0,2.0,37.261665,185.0,0.021621622,0.4918919,0.9440559,10.0,0.095233336,271.0,2.0,0.0
1,9748319,21900,0.39167547,25.19,2227.0,26200,1283.03,9.0,0.0,58.0,5.0,0.863,1.0,1.0,5.0,30,10,0,0.0,2.0,0.0,0.0,0.0,0.0,676.72,131.365,0.703,0.874,0.647,1.014,1.24,1.0,1.0,0.0,1.0,2.0,62.0,58.0,52.5,0.0,5.0,0.157,194700.0,0.071,0.005,0.0,22100.0,0.258,0.017,0.0,0.0,0.0,0.0,0.0,1.0,0.0,0.0,0.013,-220.739,1.0,7855.0234,0.921,0.0,0.863,2210.0,0,0,125.0,5.0,0.00038751683,9.833858,0.39167547,0.0,0.0,22100.0,2210.0,10.0,21732.824,0,0,5.0,0.0,0.084745765,0.1726,125.0,0.04,0.496,1.104762,10.0,0.0,178.0,2.0,0.0,0.0,22100.0,2210.0,10.0,21732.824,0,0,5.0,0.0,0.084745765,0.1726,125.0,0.04,0.496,1.104762,10.0,0.0,178.0,2.0,0.0
1,9423553,56300,0.27384254,25.19,6070.0,48100,900.24,0.0,1.0,71.0,3.0,0.11,1.0,1.0,7.0,44,10,0,0.0,2.0,0.0,0.0,284.0,0.0,0.0,69629.72,0.48,0.976,0.935,0.959,0.934,1.0,1.0,1.0,1.0,1.0,60.0,4.0,6.0,0.0,0.0,0.0,99800.0,0.0,0.41,0.0,44400.0,0.575,0.162,0.0,0.0,0.0,0.0,0.0,2.0,-0.005,0.0,0.164,-220.739,2.0,7855.0234,0.921,0.0,900.35,4440.0,0,0,64.0,0.0,0.14832784,9.275124,0.27384254,0.0,0.0,44400.0,4440.0,4.9314156,41181.547,0,0,3.0,1.0,0.041666668,300.11667,64.0,0.0,0.9375,0.6666667,0.0,0.0,68.0,1.0,0.0,0.0,44400.0,4440.0,4.9314156,41181.547,0,0,3.0,1.0,0.041666668,300.11667,64.0,0.0,0.9375,0.6666667,0.0,0.0,68.0,1.0,0.0
1,8607066,11500,0.092466064,25.19,2296.0,10400,1283.03,51.0,1.0,35.0,4.0,0.0,1.0,1.0,6.0,36,11,3,0.0,2.0,0.0,0.0,0.0,0.0,0.0,358.87952,0.48,0.976,0.44,0.966,1.0,1.0,1.0,1.0,1.0,2.0,56.0,1.0,2.1666667,0.0,2.0,0.0,0.0,0.0,0.0,0.0,3960.0,1.0,0.0,0.0,0.0,0.0,0.0,0.0,2.0,0.0,0.0,0.0,-220.739,0.0,7855.0234,0.921,0.0,0.0,396.0,0,0,0.0,0.0,0.0,5.008711,0.092466064,0.0,0.0,3960.0,396.0,10.0,1983.4495,0,0,0.0,0.0,0.0,0.0,0.0,0.0,0.0,0.0,0.0,0.0,0.0,0.0,0.0,0.0,3960.0,396.0,10.0,1983.4495,0,0,0.0,0.0,0.0,0.0,0.0,0.0,0.0,0.0,0.0,0.0,0.0,0.0,0.0
1,14492203,15000,0.14314066,19.42,7802.0,66300,1283.03,21.0,4.0,120.0,91.0,12.181,1.0,1.0,7.0,29,6,0,0.0,4.0,0.0,0.0,0.0,0.0,1244.6844,1327.28,0.271,0.414,0.202,2.009,1.255,1.0,1.0,1.0,1.0,2.0,91.0,2.0,10.333333,0.0,11.0,-0.223,0.0,0.772,0.0,0.0,18400.0,1.0,0.203,0.0,1599.95,9665.12,0.0,0.0,2.0,-0.082,0.0,0.056,-220.739,1.0,7855.0234,0.921,0.0,12.181,13105.07,0,0,104.0,11.0,0.0015612664,1.9225839,0.14314066,9665.12,1599.95,18400.0,13105.07,10.0,25195.598,1,1,91.0,4.0,0.75206614,0.13385715,104.0,0.10576923,0.875,0.19354838,10.0,0.0,95.0,2.0,9665.12,1599.95,18400.0,13105.07,10.0,25195.598,1,1,91.0,4.0,0.75206614,0.13385715,104.0,0.10576923,0.875,0.19354838,10.0,0.0,95.0,2.0,0.0